cloneId	readCount	readFraction	targetSequences	targetQualities	allVHitsWithScore	allDHitsWithScore	allJHitsWithScore	allCHitsWithScore	allVAlignments	allDAlignments	allJAlignments	allCAlignments	nSeqFR1	minQualFR1	nSeqCDR1	minQualCDR1	nSeqFR2	minQualFR2	nSeqCDR2	minQualCDR2	nSeqFR3	minQualFR3	nSeqCDR3	minQualCDR3	nSeqFR4	minQualFR4	aaSeqFR1	aaSeqCDR1	aaSeqFR2	aaSeqCDR2	aaSeqFR3	aaSeqCDR3	aaSeqFR4	refPoints
0	14342.0	0.9532735127949485	ANCCCANGNNNNNTNANATACCACCATGGGGTCAACCGCCATCCTCGCCCTCCTCCTGGCTGTTCTCCAAGGTCAGTCCTGCCGAGGGCTTGAGGTCACAGAGGAGAACGGGTGGAAAGGAGCCCCTGATTCAAATTTTGTGTCTCCCCCACAGGAGTCTGTGCCGAGGTGCAGCTGGTGCAGTCTGGAGCAGAGGTGAAAAAGCCCGGGGAGTCTCTGAAGATCTCCTGTAAGGGTTCTGGATACAGCTTTACCAACTACTGGATCGGCTGGGTGCGCCAGATGCCCGGGAAAGGCCTGGAGTGGATGGGGATCATCTATCCTGGTGACTCTGATACCAGATACAGCCCGTCCTTCCAAGGCCAGGTCACCATCTCAGCCGACAAGTCCATCAGCACCGCCTACCTGCAGTGGAGCAGCCTGAAGGCCTCGGACACCGCCATGTATTACTGTGCGAGACGGGGGTATAGCAGCAGCTGGCCCACCCACTCCCTGTACTACTTTGACTACTGGGGCCAGGGAACCCTGGTCACCGTCTCCTCAGGTGAGTCCTCACAACCTCTCTCCTGCTTTAACTCTGAAGGGTTTTGCTGCATTTTTGGGGGGAAATAAGGGTGCTGGGTCTCCTGCCAAGAGAGCCCCGGAGCAGCCTGGGGGGCTCAGGAGGATGCCCTGAGGCAACAGCGGCCACACAGACGAGGGGCAAGGGCTCCAGA	A![[[[![!!!!![![!*+-+34,4/1.455::061838889[[6<<<[9:[[7[;46:[9>65[5[<68:[8<7?8[=6<[;8<=[=[95@:B<7;6<9:9A[;96<A9;;=<?:6:?>:>=<;[;<9;8[;9;8969?9:=?69;?=@9C;=98C7@7;:;><89>=9A=7<<89+8;A:=9@9:<;@=;>:@?8=79689B<==9@>>8@8<6E7;88=;9@7>@8>:79>@?87A7:;:89?98877:;=9:2A;;?8><99<<5<:=?@89::>@<A89=;?=F?=7::?BC>8:>:B:;>;9;=<<89<;8?8<8@@::<8<9@8A8=9;>:=:78=<:9=<>>:9=<76?C::==<@8:C8>8:<9:?8B:C<>:=>:9?9>C<8?<998<=>C?;=:88:>9>9;;8<;8=>>9<98?A@>9==>9>:>>>=B;;?<>;<<@)))))))))))))))))))))))))))))))))))))))))))))))))))))))))))))))?=;=87A;'6<8948<8:79:98<9:<9:7/=8<7;8;>8<9=58=:495643578455446655494355548546644453334223633412111120///0/2340211211220120102132221/00//11/123221/./-/1020/..021..-..//-....0.0/-0-0/0../-0-/010-0-0.**-**,	IGHV5-51*00(692,3)	IGHD6-13*00(90)	IGHJ4*00(195,4)		75|535|556|0|460|SG75ASC76NST77CST78CST81NST82GST83NST84NSC85NST86NSG87NSC89NSC90AST91NSC92ASC93TST98CSG331A|2048.0	21|39|63|462|480||90.0	18|68|68|494|544||250.0		GAGGTGCAGCTGGTGCAGTCTGGAGCAGAGGTGAAAAAGCCCGGGGAGTCTCTGAAGATCTCCTGTAAGGGTTCT	10	GGATACAGCTTTACCAACTACTGG	17	ATCGGCTGGGTGCGCCAGATGCCCGGGAAAGGCCTGGAGTGGATGGGGATC	20	ATCTATCCTGGTGACTCTGATACC	23	AGATACAGCCCGTCCTTCCAAGGCCAGGTCACCATCTCAGCCGACAAGTCCATCAGCACCGCCTACCTGCAGTGGAGCAGCCTGAAGGCCTCGGACACCGCCATGTATTAC	21	TGTGCGAGACGGGGGTATAGCAGCAGCTGGCCCACCCACTCCCTGTACTACTTTGACTACTGG	8	GGCCAGGGAACCCTGGTCACCGTCTCCTCAG	6	EVQLVQSGAEVKKPGESLKISCKGS	GYSFTNYW	IGWVRQMPGKGLEWMGI	IYPGDSDT	RYSPSFQGQVTISADKSISTAYLQWSSLKASDTAMYY	CARRGYSSSWPTHSLYYFDYW	GQGTLVTVSS_	0:25:71:154:165:240:264:315:339:450:-1:460:462:0:-3:480:494:2:513:544::
1	237.0	0.015752741774675973	CCACCATGGAGTTTGGGCTGAGCTGGGTTTTCCTCGTTGCTCTTTTAAGAGGTGATTCATGGAGAAACAGAGAGACTGAGTGTGAGTGAACATGAGTGAGAAAAACTGGACTTGTGTGGCATTCTCTGATCACGGTGTCCTTCTGTTTGCAGGTGTCCAGTGTCAGGGGCAACTAGTGGAGTCGGGGGGAGCCGGGGTCCAGCCTGGGAGGACCCTGACACTCTCCTGTGCAGCTTCTGGATTCACCTTCTCTACTTATGGCATGCACTGGGTCCGCCAGGCTCCAGGCAAGGGGCTGGAGTGGGTGGCAGTTATATCATTTGATGGAATTAACAAAAACTATGGAGACTCCGTGAGGGGCCGATTCACCGTCTCCAGAGACAATTCCGAGAACACCGTGTATCTTCAGATGAAGGGCCTGAGAGTTGAAGACACGGCTGTATATTATTGTGCGAGAGTCTCCTTGGGGGGTGAGTTCCTTTCTTTCCGCTACTACGGCATGGACGTCTGGGGCCAAGGNACCNNGGTCACCGTCTCCTNAGGTGAGTCCTCACAACATCTC	CD[[[[[[[[[[[[[[[[[[[[[[[[[[[[[[[[[[[[[[[[[[[[[[[[[[[[[[[[[[[[[[,[[[[[[[[[[[[[[[[[-[[[[[[[[[[[[[[[[[[[[[[[[[[[[[[[[[[[[[[[[[[[[[[[[[[[[[[[[[[0[[[[[[[[[[[[[[[[[[[[[[[[[0[[[[[1[[[[[[[1[1[[[[[[[[[[1[[[[[[[[[[[1[[[[[[[[[[[[[[[[[[[[[[[3[[[3[[[[[[[[[3[[[[[0[[[[4[[[[[[[[[[[[[[[[[5[[[[4[[[[[[[[[[[[[[[[[[5[[[[[[[[[[[[[[[[[[[[[5[[[[[[[[5[[5[[[[55[5[[[[[[[[[5[5[[[[[[[[[[[[55[5[[[6[[[[[[[[[[77[4[[[[[[[[7[[[[[[7[[4[[7[[[[;[[7[[[[[7[[[[[[[[[4[[[[[[[[[7[[[[[[***************************************************************[48[828[!74/!!/[3/1[0[.,[[[[![[[[[[[[[[[[[[[[FCCCCC	IGHV3-30*00(451,5)	IGHD3-16*00(35),IGHD1-7*00(30)	IGHJ6*00(142,4)		95|550|574|0|455|ST95CST162CST205CST218CSA225CST262GSG266ASG269AST278GSG286CST289GST306ASG313CSC329TSA345TSG346CSG349CSC350TSA415TSG424TST428CST432ASC439GSA451GSA465GSA483GSG491CSC492GSG500TSA503GSC509GSA510GSC520TSG524ASG536ASC542T|1699.0	52|59|111|463|470||35.0;2|8|51|473|479||30.0	30|83|83|489|542|ST39CSG60NSA64NSC65NSC80N|201.0		CAGGGGCAACTAGTGGAGTCGGGGGGAGCCGGGGTCCAGCCTGGGAGGACCCTGACACTCTCCTGTGCAGCTTCT	15	GGATTCACCTTCTCTACTTATGGC	15	ATGCACTGGGTCCGCCAGGCTCCAGGCAAGGGGCTGGAGTGGGTGGCAGTT	19	ATATCATTTGATGGAATTAACAAA	20	AACTATGGAGACTCCGTGAGGGGCCGATTCACCGTCTCCAGAGACAATTCCGAGAACACCGTGTATCTTCAGATGAAGGGCCTGAGAGTTGAAGACACGGCTGTATATTAT	19	TGTGCGAGAGTCTCCTTGGGGGGTGAGTTCCTTTCTTTCCGCTACTACGGCATGGACGTCTGG	9	GGCCAAGGNACCNNGGTCACCGTCTCCTNAG	0	QGQLVESGGAGVQPGRTLTLSCAAS	GFTFSTYG	MHWVRQAPGKGLEWVAV	ISFDGINK	NYGDSVRGRFTVSRDNSENTVYLQMKGLRVEDTAVYY	CARVSLGGEFLSFRYYGMDVW	GQGTXVTVSX_	0:5:51:152:163:238:262:313:337:448:-4:455:463:-15:-15:470:489:-10:511:542::
2	235.0	0.015619807244931871	TACCACCATGGACTGGACCTGGAGGTTCCTCTTTGTGGTGGCAGCAGCTACAGGTAAGGGGCTTCCTAGTCCTAAGGCTGAGGAAGGGATCCTGGTTTAGTTAAAGAGGATTTTATTCACCCCTGTGTCCTCTCCACAGGTGTCCAGTCCCAGGTGCAGCTGGTGCAGTCTGGGGCTGAGGTGAAGAAGCCTGGGTCCTCGGTGAAGGTCTCCTGCAAGGCTTCTGGAGGCACCTTCAGCAGCTATGCTATCAGCTGGGTGCGACAGGCCCCTGGACAAGGGCTTGAGTGGATGGGAGGGATCATCCCTATCTTTGGTACAGCAAACTACGCACAGAAGTTCCAGGGCAGAGTCACGATTACCGCGGACGAATCCACGAGCACAGCCTACATGGAGCTGAGCAGCCTGAGATCTGAGGACACGGCCGTGTATTACTGTGCGAGAGAGGGTGAGCGATTTTTGGAGTGGTCCCCTTACAACTGGTTCGACCCCTGGGGCCAGGGNACCCTGGTCACCGTCTCCTCAGGTGAGTCCTCACNACCNCNNNNCTG,GGGTCAGAGTCTTGGAGGCATTTTGGAGGTCAGGAAAGAAAGCCGGGGAGAGGGAC,GAATGGGAACCCAGCCTGTCC	CCCC[[[[[[[[[[[[[[[[[[[[*[[[[[[[[[[[[[[[[[[[[[[[[[[[[[[[[[[[[[[[[[[[[[[[[[[[[[[[[[[[[[[[[[[/[[[[[[[[[[[[[[[[[[[00[[[[[[[[[[[[1[[[[[[[[[[[[[[[[[[[[3[3[[3[[[[[0[[[[[[[[[3[[[[[[[[[[[[[[4[[[[[1[[[[[[[[41[[[[[4[[[[[[[[[[[[[1[[1[[[[[[[[[[[[[[[[[[[[[[[[[[[[[[[[[[[[[[[[[5[[[[[[[[5[[2[[5[[[[[[[[[[[[[55[[5[[[[[[55[5[[[[[5[[[[5[[[[[[52[[[[5[4[[[[[[34[[4[[[[4[[[[[[[[[[[[[[[[[[[[[[[47[[7[44[[[[[8[[[[8[[[[[8[[8[[[[[[[[[[[[[[[5[[8[[[[[[[[8[8[[[[[,,,,,,,,,,,,,,,,,,,,,,,,,,,,,,,,,,,,,,,,,,,,,,,,,,,,,,,,,,,,[489H2[6!.[-.,6[[[54[/[[[[[2[23[[[.[[[[1[[[![[[![!!!!///,[((('[((['''''['['[)))[)))[)[(([[((((['['''''''['['[[''[,[[[[[[[[[[[[[[[[BCCCC	IGHV1-69D*00(851)	IGHD3-3*00(80)	IGHJ5*00(181,4)		93|539|559|0|446|SC93TST95C|2198.0,,	37|53|93|453|469||80.0,,	19|71|71|474|526|SA48N|248.0,,		CAGGTGCAGCTGGTGCAGTCTGGGGCTGAGGTGAAGAAGCCTGGGTCCTCGGTGAAGGTCTCCTGCAAGGCTTCT	15	GGAGGCACCTTCAGCAGCTATGCT	58	ATCAGCTGGGTGCGACAGGCCCCTGGACAAGGGCTTGAGTGGATGGGAGGG	17	ATCATCCCTATCTTTGGTACAGCA	20	AACTACGCACAGAAGTTCCAGGGCAGAGTCACGATTACCGCGGACGAATCCACGAGCACAGCCTACATGGAGCTGAGCAGCCTGAGATCTGAGGACACGGCCGTGTATTAC	17	TGTGCGAGAGAGGGTGAGCGATTTTTGGAGTGGTCCCCTTACAACTGGTTCGACCCCTGG	11	GGCCAGGGNACCCTGGTCACCGTCTCCTCAG	0	QVQLVQSGAEVKKPGSSVKVSCKAS	GGTFSSYA	ISWVRQAPGQGLEWMGG	IIPIFGTA	NYAQKFQGRVTITADESTSTAYMELSSLRSEDTAVYY	CAREGERFLEWSPYNWFDPW	GQGTLVTVSS_	0:7:53:139:150:225:249:300:324:435:0:446:453:-6:-9:469:474:1:495:526::,:::::::::::::::::::::,:::::::::::::::::::::
3	103.0	0.0068461282818212035	ACCATGGACTGGACCTGGAGGATCCTCTTCTTGGTGGCAGCAGCAACAGGTAAGGGGCTCCCCAGTCACTGGGCTGAGGGAGAAACCAGCACAGTCAAGTGAGACTTCATGCACTCCCATCTCCTCGCCACAGGTGCCCACTCCCAGGTGCAGCTGGTGCAATCTGGGTCTGAGTTGAAGAAGCCTGGGGCCTCGGTGAAGGTTTCCTGCAAGACTTCTGGATACACTTTCAGAACCCATGTTATGAATTGGGTGCGACAGGCCCCTGGACAAGGGCTTGAGTGGATGGGATGGATCGATACCAACACTGGGAACCCAACGTATGCCCAGGGCTTCACAGGACGGTTTGTCTTCTCCTTGGACACTTCTGTCAGCACGGCATACCTGCAGATCAACAGCCTAGAGGCTGATGACACTGCCGTGTATTACTGTGCGAGACCCGTGCCTACTACGGAGAATGCTTTCGATTTCTGGGGCCAAGGGACAATGGTCACCGTCCCTTCAGGTAATATGGCTTTCCTTCTGCCTCCTTTCTCTGGGCCCAGCGTCCTCTGTCCTGGAACTGAGACATAATGTCCGGGGCCTCCTTGGTCTGCGCTGGGCCATGTGGGGCCCTCCGGGGCTCCTTCTGCGGCTGTTTGGGACCACGTTCAGCAGAGGGCCTTTCTTTGGGAACTGGGACTCTTCCAC	CCCCCFFFFFC[[[[[[[[''[[[[[[[[(([[[[[[[[[[[[[[[[[[[[[[[[[[[[[[[[[[[[[[[[[[[[[[[[[[[[[[[[[[[[[[[[[[[[[[[[[[[[[[[[[[[[[[[[[[[[[[[[,[[[[[[[/[[[[[[[[[[[[[[[[[[[[[[[[[.[[[[[[[[[[[[[[[[[[[[[[[[[[[[[[-[[[[[[[[[[.[[[[[[[[[[[[[[-[[[[[[[[-[.[[[[[[[[[[.[[.[[[[[[[[[[[[[[[[[[[[[[[[[[[[[[[[[/[[[[[[[[[[[[[/[[[[[[[[[[[[[[[[[[[[[/[[[[[[[[[[[[[[0[[[1[1[[[[[[2[[[[[[[[[[[[2[[[[[2[2[[[[[[3[[[[[[[[[[[[[[[[[[[[[[[[[[[[[[[[[[[[[[[[4[[[[[44[[[1[[[[[[[---------------------------------------------[[5[[[[[[[[/[/[[[[[[[[[[0[3[[3[[[3333333[3333[3[[232[/22222/2222222222[22[111[[[111[11.000[.[[0[[[[[[[[[[[[[[[[[[[[[[[[[[[[[[[[[[[[[[[[[[[*[[[[[[[[[[[[[[[[[[[[[[[[[[[[[[[[[[[[[[[[[[[[[[[HHHHHHHHFGGGGGGGGGFFFFFCF?AA>A	IGHV7-4-1*00(473,5)	IGHD1-26*00(40),IGHD2-15*00(39),IGHD3-22*00(35)	IGHJ3*00(174)		97|535|557|0|438|ST223GSA291GSG310ASC324TSC329GST330ASG332CST334CSC338TSA394GSC396TSC462TST480CST490ASG491ASA499GSG507T|1918.0	33|41|60|445|453||40.0;55|66|93|445|456|SC60A|39.0;56|63|93|446|453||35.0	22|70|70|457|505|ST29CSA33TST63C|192.0		CAGGTGCAGCTGGTGCAATCTGGGTCTGAGTTGAAGAAGCCTGGGGCCTCGGTGAAGGTTTCCTGCAAGACTTCT	12	GGATACACTTTCAGAACCCATGTT	12	ATGAATTGGGTGCGACAGGCCCCTGGACAAGGGCTTGAGTGGATGGGATGG	13	ATCGATACCAACACTGGGAACCCA	14	ACGTATGCCCAGGGCTTCACAGGACGGTTTGTCTTCTCCTTGGACACTTCTGTCAGCACGGCATACCTGCAGATCAACAGCCTAGAGGCTGATGACACTGCCGTGTATTAC	15	TGTGCGAGACCCGTGCCTACTACGGAGAATGCTTTCGATTTCTGG	12	GGCCAAGGGACAATGGTCACCGTCCCTTCAG	14	QVQLVQSGSELKKPGASVKVSCKTS	GYTFRTHV	MNWVRQAPGQGLEWMGW	IDTNTGNP	TYAQGFTGRFVFSLDTSVSTAYLQINSLEADDTAVYY	CARPVPTTENAFDFW	GQGTMVTVPS_	0:3:49:133:144:219:243:294:318:429:-2:438:445:-13:1:453:457:-2:474:505::
4	64.0	0.004253904951811233	ATACCNCNATGTCTGTCTCCTTCCTCATCTTCCTGCCCGTGCTGGGCCTCCCATGGGGTCAGTGTCAGGGAGATGCCGTATTCACAGCAGCATTCACAGACTGAGGGGTGTTTCACTTTGCTGTTTCCTTTTGTCTCCAGGTGTCCTGTCACAGGTACAGCTGCAGCAGTCAGGTCCAGGACTGGTGAAGCCCTCGCAGACCCTCTCACTCACCTGTGCCATCTCCGGGGACAGTGTCTCTAGCAACAGTGCTGCTTGGAACTGGATCAGGCAGTCCCCATCGAGAGGCCTTGAGTGGCTGGGAAGGACATACTACAGGTCCAAGTGGTATAATGATTATGCAGTATCTGTGAAAAGTCGAATAACCATCAACCCAGACACATCCAAGAACCAGTTCTCCCTGCAGCTGAACTCTGTGACTCCCGAGGACACGGCTGTGTATTACTGTGCAAGAGGGCCCCCCCCTCTTAGTGGGAGCTACCCCACGGTCGGATACTGGTACTTCAATCTCTGGGGCCGTGGNACCCTGGTCACNGTCTCCTCAGGTGAGTCC,GCNAGGTNTCNGGGGNCTNNNGNNGNNNNGNNTCTNGCCNNNNGCCACACCAGCTGCCATCCCTGGGGTCTCCGCCATGGGCTGCAT	CCCDD![![[[[[[[[[[[[[[[[[[[[[[[[[[[[[[[[[[[[[[[[[[[[[[[[[[[[[[[[[[[[[[[[[[[[[[[[[[[[[[[[[[[[[[[[[[[[[[[[[[[[[[[[[[[[[[[[[[[[[[[[[[[[[[[+[[[[[[[[[[[[[[[[[[[[[[[[[[[[[[[[[[[[[[[/[[[[[-[[[[[[[[[[[.[[[[[[[[[[[[[[[[[[[[[[0[[[[[[[[[[[[[[[[[[[[[[[[[[[[[[[[[[[[[[[[[[[0[[[[[[[[[[[[[[[[[[[[[[1[[[[[[[[[[[[[[[[[[[[[[[[[[[[[[[[[[[[1[[[[[[[[[[[[0[[[[[[[[[[[[[[[[[[[[[[[[[[[[[[[[[[[[[[[[[[[22[[[3[[[[[[[[[[0[[[[[[[[[[[333[3[0[[[[[[033[[[[3[[[[[3[[[[[[[3[[[[[(((((((((((((((((((((((((((((((((((((((((((((((((((((((((((((((((((((4[[[[2[[![20)'[[/[[[!+[[[[[[[[[[[[[[[[[,[[!'''[!''![[['!'[!!![!![!!!![!![['![[[!!!![[[[[[[[[[[[[[[YX[[[[[[[[[[[[[[[[[[[[[[CCCCC	IGHV6-1*00(866)	IGHD1-26*00(65)	IGHJ2*00(150,3)		91|547|568|0|455|SC91ASC93ADA95SG96CSA97NSA99N|2182.0,	24|37|60|468|481||65.0,	21|73|73|493|545|SG33ASC50NST62N|220.0,		CAGGTACAGCTGCAGCAGTCAGGTCCAGGACTGGTGAAGCCCTCGCAGACCCTCTCACTCACCTGTGCCATCTCC	12	GGGGACAGTGTCTCTAGCAACAGTGCTGCT	58	TGGAACTGGATCAGGCAGTCCCCATCGAGAGGCCTTGAGTGGCTGGGAAGG	15	ACATACTACAGGTCCAAGTGGTATAAT	15	GATTATGCAGTATCTGTGAAAAGTCGAATAACCATCAACCCAGACACATCCAAGAACCAGTTCTCCCTGCAGCTGAACTCTGTGACTCCCGAGGACACGGCTGTGTATTAC	15	TGTGCAAGAGGGCCCCCCCCTCTTAGTGGGAGCTACCCCACGGTCGGATACTGGTACTTCAATCTCTGG	7	GGCCGTGGNACCCTGGTCACNGTCTCCTCAG	0	QVQLQQSGPGLVKPSQTLSLTCAIS	GDSVSSNSAA	WNWIRQSPSRGLEWLGR	TYYRSKWYN	DYAVSVKSRITINPDTSKNQFSLQLNSVTPEDTAVYY	CARGPPPLSGSYPTVGYWYFNLW	GRGTLVTVSS_	0:8:57:140:151:226:256:307:334:445:-1:455:468:-4:-3:481:493:-1:514:545::,:::::::::::::::::::::
5	22.0	0.0014622798271851113	CCACCATGTCTGTCTCCTTCCTCATCTTCCTGCCCGTGCTGGGCCTCCCATGGGGTCAGTGTCAGGGAGATGCCGTATTCACAGCAGCATTCACAGACTGAGGGGTGTTTCACTTTGCTGTTTCCTTTTGTCTCCAGGTGTCCTGTCACAGGTACAGCTGCAGCAGTCAGGTCCAGGACTGGTGAAGCCCTCGCAGACCCTCTCACTCACCTGTGCCATCTCCGGGGACAGTGTCTCTAGCAACAGTGCTGCTTGGAACTGGATCAGGCAGTCCCCATCGAGAGGCCTTGAGTGGCTGGGAAGGACATACTACAGGTCCAAGTGGTATAATGATTATGCAGTATCTGTGAAAAGTCGAATAACCATCAACCCAGACACATCCAAGAACCAGTTCTCCCTGCAGCTGAACTCTGTGACTCCCGAGGACACGGCTGTGTATTACTGTGCAAGAGGGCCCCCCCCTCTTAGTGGGAGCTACCCCACGGTCGGATACTGGTACTTCGATCTCTGGGGCCGTGGNACCCTGGTCACNGTCTCCTCAGGTGAGTCCTCACAACCTCTCTCCTGCTTTAACTCTGAAGGGTTTTGCTGCATTTTTGGGGGGAAATAAGGGTGCTGGGTCTCCTGCCAAGAGAGCCCCGGAGCAGCC	ACCBBCF[[[[[[[[[[[[[[[[[[[[[[[[[[[[[[[[[[[[[[[[[[[[[[[[[[[[[[[[[[[[[[[[[[[[[[[[[[[[[[[[[[[[[[[[[[[[[[[[[[[[)[[[[[[[[[[[[[[[[[[[[[[[[[[[[[[[[[[[[[[[[[[[[[[[[[[[[[[[[[[[[[[[[[[[[[[[[[[[[[[[[[[[[[[[[[[[[[[[[[[[[[[[[[[[[[[[[[[[[[[[[[[[[[[[[[[[[[[*[[[[[[[[[[[[[[[[[[[[[[[[[[[[[[[[[[[[[[[[[[[[[[[[[[[[[[[[[[[[[[[[[[[[[[[[[[[[[[[[[[[[[[[[[[[[[[[[[[[[[[[[[[[[[[[[[[[[[[[[[[[[[[[[[[[[[[[[[[[[[[[[[[[[[[[[[[[[[[[[[[[[[[[[[[[[[[[[[[[[[[[[[[[[[[[[[[[[[[[((((((((((((((((((((((((((((((((((((((((((((((((((((((((((((((((((((([[/[[[[[![[..,[[[+[[!([[[[[[[[[[[[[[[[[[[[[[[[[[[[[[[[[[[[[[[[[[[[[[[[[[[HHHHHHHHHHHGGGGGHHHHHHHHHHGHHHHHHHGGHGGGGHHGGGGGGGGGGDDCFFFDDCCCC	IGHV6-1*00(884,1)	IGHD1-26*00(65)	IGHJ2*00(162)		95|547|568|0|452|SA95CSG96CSA99C|2212.0	24|37|60|465|478||65.0	21|73|73|490|542|SC50NST62N|236.0		CAGGTACAGCTGCAGCAGTCAGGTCCAGGACTGGTGAAGCCCTCGCAGACCCTCTCACTCACCTGTGCCATCTCC	58	GGGGACAGTGTCTCTAGCAACAGTGCTGCT	9	TGGAACTGGATCAGGCAGTCCCCATCGAGAGGCCTTGAGTGGCTGGGAAGG	58	ACATACTACAGGTCCAAGTGGTATAAT	58	GATTATGCAGTATCTGTGAAAAGTCGAATAACCATCAACCCAGACACATCCAAGAACCAGTTCTCCCTGCAGCTGAACTCTGTGACTCCCGAGGACACGGCTGTGTATTAC	58	TGTGCAAGAGGGCCCCCCCCTCTTAGTGGGAGCTACCCCACGGTCGGATACTGGTACTTCGATCTCTGG	7	GGCCGTGGNACCCTGGTCACNGTCTCCTCAG	0	QVQLQQSGPGLVKPSQTLSLTCAIS	GDSVSSNSAA	WNWIRQSPSRGLEWLGR	TYYRSKWYN	DYAVSVKSRITINPDTSKNQFSLQLNSVTPEDTAVYY	CARGPPPLSGSYPTVGYWYFDLW	GRGTLVTVSS_	0:5:54:137:148:223:253:304:331:442:-1:452:465:-4:-3:478:490:-1:511:542::
6	6.0	3.9880358923230307E-4	GTGCCGAAGTGCAACTAGTACAGTCTGGAGCAGAGGTGAAAAAGCCCGGGGAGTCTCTGAAGATCTCCTGTAAGGGTTCTGGANACAAGTTNNCCAGCCACTGGATCGGCTGGGTGCGCCTGATGCCCGGGAAAGGCCTGGAGTGGATGGGGNTCATATATCCTGGTGACTCTGATACCAGATACAGCCCGTCTTTCCAAGGCCAGGTCACCATCTCAGCCGACAAGTCCAATACTACCACCTATTTACAGTGGAGCAGCCTGGAGGCCTCGGACACCGCCATTTATTATTGTGCGAGACATTCGTCTAATTCCTTACGTAATTGGTTCGACTCCTGGGGCCAGGGAACTCTGGTCACCGTCTCCTCAGGTGAGTCCTCACCACCCCCTCTATGAGTCCCCTTAGGGACACTCAGG	BABCCCCBCAFFGGGGGGGGGG[[[[[[[[[[[[[[[[[[[[[[[[[[[[[[[[[[[[[[[[[[[[[[[[[[[[[[[[[[[[[![[[[[[[!![[[[[[[[[[[[[[[[[[[[[[[[[[[[[[[[[[[[[[[[[[[[[[[[[[[[[[[[[[[![[[['[[[[[[[[[[[[[[[[[[[[[[[[[[[[[[[[[[[[[[[[['[[[[[[[[[[[[[[[[[[[[[[[['[[[[[[[[[[[[[[[[[[[[[[[[[[[[[[[[[[[[[[[[[[[[[[[[[[[[[[[[[[[[[[[[[[[[[[[[[[[[[[[[[[[[[[[[[[[[[[[[[[[[[[[[[[[[[[[[[[[[[[[[[)[['[[[[[[[[[[[[[[[[[[[[[[[[[[[[[[[[[[[[[[[[[[[[[[[[[[[[[[[[[[FFFCCCCC	IGHV5-51*00(702,7)	IGHD5-12*00(45),IGHD5-18*00(45),IGHD5-24*00(45)	IGHJ5*00(152,5)		235|537|556|0|302|SG242ASG248ASG251ASG254AST318NSG322ASC323GST326NSA327NST333CSA355TSA387NSC392ASC428TST466ASC467TSG469CSC470TSG474ASC479TSC480TSG482ASA498GSG518TSC524T|1126.0	42|51|69|314|323||45.0;42|51|69|314|323||45.0;36|45|60|314|323||45.0	25|71|71|323|369|SC34TSC51T|198.0		GAAGTGCAACTAGTACAGTCTGGAGCAGAGGTGAAAAAGCCCGGGGAGTCTCTGAAGATCTCCTGTAAGGGTTCT	32	GGANACAAGTTNNCCAGCCACTGG	0	ATCGGCTGGGTGCGCCTGATGCCCGGGAAAGGCCTGGAGTGGATGGGGNTC	0	ATATATCCTGGTGACTCTGATACC	6	AGATACAGCCCGTCTTTCCAAGGCCAGGTCACCATCTCAGCCGACAAGTCCAATACTACCACCTATTTACAGTGGAGCAGCCTGGAGGCCTCGGACACCGCCATTTATTAT	6	TGTGCGAGACATTCGTCTAATTCCTTACGTAATTGGTTCGACTCCTGG	58	GGCCAGGGAACTCTGGTCACCGTCTCCTCAG	6	EVQLVQSGAEVKKPGESLKISCKGS	GXKXXSHW	IGWVRLMPGKGLEWMGX	IYPGDSDT	RYSPSFQGQVTISADKSNTTTYLQWSSLEASDTAIYY	CARHSSNSLRNWFDSW	GQGTLVTVSS_	::::5:80:104:155:179:290:1:302:314:-19:5:323:323:-5:338:369::
7	5.0	3.3233632436025255E-4	GTGCAGCTGGTGCAGTCTGGAGCAGAGGTGAAAAAGCCCGGGGAGTCTCTGAAGATCTCCNGTAAGGGTTCNGGATACAGCTTTACCAACTACTGGATCGGCTGGGTGCGCCAGATGCCCGGGAAAGGCCTGGAGTGGATGGGGATCATCTATCCTGGTGACTCTGATACCAGATACAGCCCGTCCTTCCAAGGCCAGGTCACCATCTCAGCCGACAAGTCCATCAGCACCGCCTACCTGCAGTGGAGCAGCCTGAAGGCCTCGGACACCGCCATGTATTACTGTGCGAGACGGGGGTATAGCAGCTGGCCCACCCACTCCCTGTACTACTTTGACTACTGGGGCCAGGGAACCCTGGTCACCGTCTCCTCAGGTGAGTCCTCACAACCTCTCTCCTGCTTTAACTCTGAAGGGTTTTGCTGCATT	BABC[[[[[[[[[[[[[[[[[[[[[[[[[[[[[[[[[[[[[[[[[[[[[[[[[[[[[[[[![[[[[[[[[[![[[[[[[[[[[[[[[[[[[[[[[[[[[[[[[[[[[[[[[[[[[[[[[[[[[[[[[[[[[[[[[[[[[[[[[[[[[[[[[[[[[[[[[[[[[[[[[[[[[[[[[[[[[[[[[[[[[[[[[[[[[[[[[[[[[[[[[[[[[[[[[[[[[[[[[[[[[[[[[[[[[[[[[[[[[[[[[[[[[[[[[[[[[[[[[[[[[[[[[[[[[[[[[[[[[[[[[[[[[[[[[[[[[[[[[[[[[[[[[[[[[[[[[[[[[[[[[[[[[[[[[[[[[[[[[[[[[[[[([[[[[[[[[[[[[[[[[[[[[[[[[[[[[[[[[[[[[GHHHHHHHHHHHHHHHHHHHHHHGGGFHGGHHHHHHHH	IGHV5-51*00(851)	IGHD6-13*00(60),IGHD6-25*00(60),IGHD2-2*00(55)	IGHJ4*00(192,8)		243|535|556|0|292|ST303NST314NSG331A|1420.0	21|33|63|294|306||60.0;18|30|54|294|306||60.0;3|14|93|298|309||55.0	18|68|68|323|373||250.0				GGATACAGCTTTACCAACTACTGG	58	ATCGGCTGGGTGCGCCAGATGCCCGGGAAAGGCCTGGAGTGGATGGGGATC	58	ATCTATCCTGGTGACTCTGATACC	58	AGATACAGCCCGTCCTTCCAAGGCCAGGTCACCATCTCAGCCGACAAGTCCATCAGCACCGCCTACCTGCAGTGGAGCAGCCTGAAGGCCTCGGACACCGCCATGTATTAC	58	TGTGCGAGACGGGGGTATAGCAGCTGGCCCACCCACTCCCTGTACTACTTTGACTACTGG	58	GGCCAGGGAACCCTGGTCACCGTCTCCTCAG	7		GYSFTNYW	IGWVRQMPGKGLEWMGI	IYPGDSDT	RYSPSFQGQVTISADKSISTAYLQWSSLKASDTAMYY	CARRGYSSWPTHSLYYFDYW	GQGTLVTVSS_	:::::72:96:147:171:282:-1:292:294:0:-9:306:323:2:342:373::
8	5.0	3.3233632436025255E-4	TTCACAGACTGAGGGGTGTTTCACTTTGCTGTTTCCTTTTGTCTCCAGGTGTCCTGTCACAGGTACAGCTGCAGCAGTCAGGTCCAGGACTGGTGAAGCCCTCGCAGACCCTCTCACTCACCTGTGCCATCTCCGGGGACAGTGTCTCTAG,GAACTGGATCAGGCAGTCCCCATCGAGAGGCCTTGAGTGGCTGGGAAGGACATACTACAGGTCCAAGTGGTATAATGATTATGCAGTATCTGTGAAAAGTCGAATAACCATCAACCCAGACACATCCAAGAACCAGTTCTCCCTGCAGCTGAACTCTGTGACTCCCGAGGACACGGCTGTGTATTACTGTGCAAGAGGGCCCCCCCCTCTTAGTGGGAACTACCCCACGGTCGGATACTGGTACTTCAATCTCTGGGGCCGTGGNACCCNGGTCACCGTCTCCTCAGGTGAGTCCTCACAACCTCTCTCCTG	BBBBBFFFFFFFGGGGEEGGGGHHHHHHHHHHHGHHHHHHHHHHHHHHHHHHHHGHHHHHHHHHHHHHHHHHHHHHHHHHGHHHHHHHHHHHHGHHHHHHHHHGGGGGHHHHHHHHHHHHHHHHHHHHHHHHHHGGGGGGGGHHHHHHGGF,CBCCDFFFFFFFGGGGGGGGGGHHGHGHGGGGHHHHHGHGGHGGGHHGGHHHHHHHHHHHHGHHHGHHH[[[[[[[[Z[[[[[X[[[[[[[[[[[[[[[[[[[[[[[[[[[[[[[[[[[[[[[[[[[[[[[[[[[[[[[[[[[[[[[[[[[[[[[[[[[[[[[[[[[[[[[[[[[[[[[[[['[[[[[[[[[[[[[[[[[[[[[[[[[[[[[[[[[[[[[[[[[[[[[[[[[[[[[[[[[[[[[[[[[[[[[[[[[[[[[[[[[![[[(![[[[HHHGHGHHHHHHHH<GHHHHHHHHHHHGGHHHHHHHHH	IGHV6-1*00(687,8)	IGHD1-26*00(49)	IGHJ2*00(157,6)		184|335|568|0|151||755.0,350|547|568|0|197||985.0	,24|37|60|210|223|SG32A|49.0	,21|73|73|235|287|SG33ASC50NST55NST62C|204.0		CAGGTACAGCTGCAGCAGTCAGGTCCAGGACTGGTGAAGCCCTCGCAGACCCTCTCACTCACCTGTGCCATCTCC	38					ACATACTACAGGTCCAAGTGGTATAAT	38	GATTATGCAGTATCTGTGAAAAGTCGAATAACCATCAACCCAGACACATCCAAGAACCAGTTCTCCCTGCAGCTGAACTCTGTGACTCCCGAGGACACGGCTGTGTATTAC	6	TGTGCAAGAGGGCCCCCCCCTCTTAGTGGGAACTACCCCACGGTCGGATACTGGTACTTCAATCTCTGG	58	GGCCGTGGNACCCNGGTCACCGTCTCCTCAG	0	QVQLQQSGPGLVKPSQTLSLTCAIS			TYYRSKWYN	DYAVSVKSRITINPDTSKNQFSLQLNSVTPEDTAVYY	CARGPPPLSGNYPTVGYWYFNLW	GRGTXVTVSS_	:::48:59:134::::::::::::::::,:::::::49:76:187:-1:197:210:-4:-3:223:235:-1:256:287::
9	2.0	1.3293452974410104E-4	GGACTGGTGAAGCCTTCGGAGACCCTGTCCCTCACCTGCACTGTCTCTGGTGGCTCCATCAGCAGTAGTAGTTACTACTGGGGCTGGATCCGCCAGCCCCCAGGGAAGGGGCTGGAGTGGATTGGGAGTATCTATTATAGTGGGAGCACCTACTACAACCCGTCCCTCAAGAGTCGAGTCACCATATCCGTAGACACGTCCAAGAACCAGTTCT,AACTCTGTGACCGCCGCAGACACGGCTGTGTATTACTGTGCGAGACAGGCCCAAAAATTACGATATTTTGACTGCCCAGGTGGTACTACTACATGGACGTCTGGGGCAAAGGGACCACGGTCACCGTC	BBBBBBBFFFFFGGGGGGGGFGGGHHHHHHHHHHHHHHHHHHHHHHGHGHHHGHHHGHHHHHHH[[[[[[[[[[[[[[[[[[[[[[[[[[[[[[[[[[[[[[[[[[[[[[[[[[[[[[[[[[[[[[[[[[[[[[[[[[[[[[[[[[[[[HHHHHHHHHHGGGGGGGHHHHHHHHHGGGHHHHHHHHHHHGGHGGHHHGHHGGHHHHHHHHHHGH,B??BT[[QNS[[[[[[[[[[[[[[[[[[[[[[[[[[[[[[[[[[[[[[[[[[[[[[[[[[[[[[[[[[[[[[[[[[[[[[[[[[[[[[[[[[[[[[[[[[[[[[HHGGGGFGGGGGBBFFBAABBBBB	IGHV4-39*00(964,5)	IGHD3-9*00(90)	IGHJ6*00(112)		267|481|559|0|214||1070.0,492|539|559|0|47|SG493A|219.0	,33|51|93|56|74||90.0	,40|76|83|92|128|SC55A|164.0				GGTGGCTCCATCAGCAGTAGTAGTTACTAC	38	TGGGGCTGGATCCGCCAGCCCCCAGGGAAGGGGCTGGAGTGGATTGGGAGT	58	ATCTATTATAGTGGGAGCACC	39			TGTGCGAGACAGGCCCAAAAATTACGATATTTTGACTGCCCAGGTGGTACTACTACATGGACGTCTGG	58				GGSISSSSYY	WGWIRQPPGKGLEWIGS	IYYSGST		CARQAQKLRYF_LPRWYYYMDVW		:::::48:78:129:150:::::::::::::,:::::::::36:0:47:56:-2:-11:74:92:-20:104:::
10	2.0	1.3293452974410104E-4	GGGAGATGCCGTATTCACAGCAGCATTCACAGACTGAGGGGTGTTTCACTTTGCTGTTTCCTTTTGTCTCCAGGTGTCCTGTCACAGGTACAGCTGCAGCAGTCAGGTCCAGGACTGGTGAAGCCCTCGCAGACCCTCTCACTCACCTGTG,ACATACTACAGGTCCAAGTGGTATAATGATTATGCAGTATCTGTGAAAAGTCGAATAATCATCAACCCAGACACATCCAAGAACCAGTTCTCCCTGCAGCTGAACTCTGTGACTCCCGAGGACACGGCTGTGTATTACTGTGCAAGAGGGCCCCCCCCTCTTAGTGGGAACTACCCCACGGTCGGATACTGGTACTTCGATCTCTGGGGCCGTGGNACC	BBBBABFFFFDAGGGGGGGGGGHHHHHHHGHHGFHHHBEFGGEGFHHFHFHHHHHHHHHHHHHHHHGHHGHHHEGHHHHHHHHBEFFHHHGHHHHHGEFFCFHHHHFHHHHFGAECEFHGHHFHEHHHGGGGGHHGFHHHGHHHHHHHHHF,BCBCCFFFFFFFGGGGGGGGGGHHHHHGHHHHHHHHHHHHHHHHHGHHHHHHGGGHGHIHHHHHIHHGGH[[[[[[[[[[[[[[[[[[[[[[[[[[[[[[[[[[[[[[[[[[[[[[[[[[[[[[[[[[[[[[[[[[[[[[[[[[[[[[[[[[[[[[[[[[[[[[[[[[[[[[[[[[[[[[[[[[[[[[[[[[[[[[[[[[[[[[[[[[[[[[[[[![[[	IGHV6-1*00(934,5)	IGHD1-26*00(49)	IGHJ2*00(154)		159|310|568|0|151||755.0,399|547|568|0|148|SC457T|724.0	,24|37|60|161|174|SG32A|49.0	,21|54|73|186|219|SC50N|153.0								ACATACTACAGGTCCAAGTGGTATAAT	33	GATTATGCAGTATCTGTGAAAAGTCGAATAATCATCAACCCAGACACATCCAAGAACCAGTTCTCCCTGCAGCTGAACTCTGTGACTCCCGAGGACACGGCTGTGTATTAC	38	TGTGCAAGAGGGCCCCCCCCTCTTAGTGGGAACTACCCCACGGTCGGATACTGGTACTTCGATCTCTGG	58						TYYRSKWYN	DYAVSVKSRIIINPDTSKNQFSLQLNSVTPEDTAVYY	CARGPPPLSGNYPTVGYWYFDLW		:::73:84:::::::::::::::::,:::::::0:27:138:-1:148:161:-4:-3:174:186:-1:207:::
11	1.0	6.646726487205052E-5	GGGATCATCTATCCTGGTGACTCTGATACCAGATACAGCCCGTCCTTCCAAGGCCAGGTCACCATTTCAGCCGACAAGTCCATCAGCACCGCCTACCTGCAGTGGAGCAGCCTGAAGGCCTCGGACACCGCCATGTATTACTGTGTGAGACAGGGGTATAGCAGCAGCTGGCCCACCCACTCCCTGTTCTACTTTGACTACTGGGGCCAGGGCACCCT	BCCCCCFFFFFFGGGGGGGGGGHHHHHHHHHHHHHHHHHHGGGGGGHHHHHHGHHHHHHHHHHHHHHHHHHHGHHHHHHHHHHHHHGHHHHGHHHHHHHHHHHHHHHHHHGHHHHHHHHHHGHHGGGHGHHHHHHHHHHHHDDDDDDDDDDDDDDDDDDDDDDDDDDDDDDDDDDDDDDDDDDDDDDDDDDDDDDDDDDDDDDDGGCFFFFBAABBAA	IGHV5-51*00(728)	IGHD6-13*00(90)	IGHJ4*00(134)		384|536|556|0|152|SC449TSC529T|728.0	21|39|63|153|171||90.0	21|51|68|188|218|SA45C|134.0								ATCTATCCTGGTGACTCTGATACC	37	AGATACAGCCCGTCCTTCCAAGGCCAGGTCACCATTTCAGCCGACAAGTCCATCAGCACCGCCTACCTGCAGTGGAGCAGCCTGAAGGCCTCGGACACCGCCATGTATTAC	38	TGTGTGAGACAGGGGTATAGCAGCAGCTGGCCCACCCACTCCCTGTTCTACTTTGACTACTGG	35						IYPGDSDT	RYSPSFQGQVTISADKSISTAYLQWSSLKASDTAMYY	CVRQGYSSSWPTHSLFYFDYW		:::::::6:30:141:0:152:153:0:-3:171:188:-1:204:::
12	1.0	6.646726487205052E-5	CCCAGGTCCAGTTTGTGCAATCTGGGGCTGAGGAGAAGAAGCCTGGGGCCTCAGTGAAGGTTTCCTGCAAGGCTTCTGGATACACCTTCACTACCTATGCTATGCATTGGGTGCGCCAGGCCCCCGGACAAAGGCTTGAGTGGATGGGATG,CACAGAAATTCCAGGGCAGAATCACCATAAGCAGGGACACATCCGCGAGCACAGTCTACATGGAGCTGAGCAGCCTGAGATCTGAAGACACGGCTCTATATTACTGTGTGAGAGGGTGGGTATCTGCGGCACCTCCTTTTGACTACTGGGG	DDDDDDFFFFFFGGGGGGGGGGHHHHGGGGHHGHGHHHHHHHHHHHGGGGGHHHHHHEHHHHHHHHHHHHHGHHHHHHGGHHHHHHHHHHHHHHHHGHHHHHHHHHHHHHHGGGGGGGGHHGGGGGGGGGHHHHHHHGHHFGGHHHGHHHG,HHHHGHHHHHHHHHHHHHHHHHHHHHHHHHHHHHHHHHHGGGGGGGHHHHHGHHHHHHHHHHGHHHGHHGHHHHHHHHHHHHHHGHHHGGGHHGHHHHHHHHGHBBBBBBBBBBBBBBBBBBBBBBBBBBBBBBBBBBBBBBBBBBBBBCC	IGHV1-3*00(1133)	IGHD6-13*00(30),IGHD6-19*00(30),IGHD6-25*00(30)	IGHJ4*00(70)		240|391|558|0|151|SC251TSG259AST273ASG333C|691.0,423|537|558|0|114|SG430ASG443AST451ASC453GSC477TSG518CSG520ASC531T|442.0	,21|27|63|117|123||30.0;,21|27|63|117|123||30.0;,18|24|54|117|123||30.0	,25|39|68|137|151||70.0		CAGGTCCAGTTTGTGCAATCTGGGGCTGAGGAGAAGAAGCCTGGGGCCTCAGTGAAGGTTTCCTGCAAGGCTTCT	35	GGATACACCTTCACTACCTATGCT	38							TGTGTGAGAGGGTGGGTATCTGCGGCACCTCCTTTTGACTACTGG	33			QVQFVQSGAEEKKPGASVKVSCKAS	GYTFTTYA				CVRGWVSAAPPFDYW		::::2:77:101:::::::::::::::,:::::::::104:-1:114:117:0:-15:123:137:-5:149:::
13	1.0	6.646726487205052E-5	ACTGAGGGGTGTTTCACTTTGCTGTTTCCTTTTGTCTCCAGGTGTCCTGTCACAGGTACAGCTGCAGCAGTCAGGTCCAGGACTGGTGAAGCCCTCGCAGACCCTCTCACTCACCTGTGCCATCTCCGGGGACAGTGTCTCTAGCAACAGT,ACACATCCAAGAACCAGTTCTCCCTGCAGCTGAACTCTGTGACTCCCGAGGACACGGCTGTGTATTACTGTGTAAGAGGGCTCCCCCCTCTTAGTGGGAGCTACCCCACGGTCGGATACTGGTACTTCGATCTCTGGGGCCGTGGAACCC	DDDDDFDDCBBCGGGGGGGGGGHHHHHHHHHHHHHHHHHHHHHHHHHHHHHHHHHHGHHHGHHHHHHHHHHHHHHHHHHHHHHHHHGHHHHHHHHHGGGGGHHHHHHHHHHHHHHHHHHHHHHHGHHGGGGGGGGHHHHHHHHHHHHHHH?,FFFFFFFFFFFFFFEFFFFFFGGGGGGGGGGGGGGFGGGGGGGGGGGGHHHHCDGHHHHHHHGHHHHHAAAAAAAAAAAAAAAAAAAAAAAAAAAAAAAAAAAAAAAAAAAAAAAAAAAAAAAAAAAAAAAAAAAAAGBBBFFFF@BBBB	IGHV6-1*00(1129)	IGHD1-26*00(65)	IGHJ2*00(154)		191|342|568|0|151||755.0,469|547|568|0|78|SC541T|374.0	,24|37|60|91|104||65.0	,21|55|73|116|150|SC50A|154.0		CAGGTACAGCTGCAGCAGTCAGGTCCAGGACTGGTGAAGCCCTCGCAGACCCTCTCACTCACCTGTGCCATCTCC	38									TGTGTAAGAGGGCTCCCCCCTCTTAGTGGGAGCTACCCCACGGTCGGATACTGGTACTTCGATCTCTGG	32			QVQLQQSGPGLVKPSQTLSLTCAIS					CVRGLPPLSGSYPTVGYWYFDLW		:::41:52:127::::::::::::::::,:::::::::68:-1:78:91:-4:-3:104:116:-1:137:::
14	1.0	6.646726487205052E-5	GTTTGCAGGTGTCCAGTGTGAGGTGCAGCTGGTGGAGTCTGGGGGG,TTCACCATCTCAAGAGATGATTCAAACAACTCTCTGTATCTGGAAATGCTCAGCCTGGAAACCGAGGACACGGCCGTCTATTACTGTGCTAGGACGTATGGCAGTGACTGGTCTTCCCACTACTTTGACCTCTGGGGTCAGGGCACCCTGG	A>>AAFFB>CFFFFGGGGBBBGGCGFHHHBGHHG?0BFFFHHHGGC,DFFFGBD/HGHHHHFHBGGDDFHHGHHGF/CHHFHFHHFFHHHHHGFEG0FHHCHGEFEFEGAFHG>0GECGGGGGHHHHFFHGAAAAAAAAAAAAAAAAAAAAAAAAAAAAAAAAAAAAAAAAAAAAAAAAAAA1G1FFCCAABAAAAAA	IGHV3-72*00(562)	IGHD6-19*00(53)	IGHJ4*00(101)		241|287|582|0|46|SA286G|214.0,467|559|582|0|92|SG493CSA499TSC509GSA515CSA516TSA524GSG544C|348.0	,23|40|63|95|112|SA27GSG34A|53.0	,20|53|68|118|151|ST31CSA32TSC39TSA45C|101.0												TGTGCTAGGACGTATGGCAGTGACTGGTCTTCCCACTACTTTGACCTCTGG	32								CARTYGSDWSSHYFDLW		:::8:19:::::::::::::::::,:::::::::84:-3:92:95:-2:-2:112:118:0:135:::
15	1.0	6.646726487205052E-5	GTCACCATCTCAGCCGACAAGTCCATCAGCACCGCCTACCTGCAGTGGAGCAGCCTGAAGGCCTCGGACACCGCCATGTGTTACTGTGCGAGACGGGGTTATAGCAGCTGGCCCACCCACTCCCTGTACTACTTTGACTACTGGGGCCAGGGACCACGG	BBBCCFFFHHGGGGGHHHHHHGHHHHHHHHHHHHGHHHHHHHHHHHHHHHHHHHHHHHHHGHHHHHHGGGHGHHGHHHHHHHHHGGGGGGGGGGGGGGGGGGGGGGGGGGGGGGGGGGGGGGGGGGGGGGGGGGGGGGGGGGGGHGGGGHHFCCBBCCB	IGHV5-51*00(454)	IGHD2-2*00(55),IGHD6-6*00(50)	IGHJ4*00(122)		441|535|556|0|94|SA520G|454.0	3|14|93|100|111||55.0;21|31|54|99|109||50.0	18|52|68|125|159|SA46CSC48AST50G|122.0												TGTGCGAGACGGGGTTATAGCAGCTGGCCCACCCACTCCCTGTACTACTTTGACTACTGG	38								CARRGYSSWPTHSLYYFDYW		:::::::::84:-1:94:100:28:-48:111:125:2:144:::
16	1.0	6.646726487205052E-5	ATGTATTACTGTGCGAGACGGGGGTGTAGCGGCAGCTGGCCCACCCACTCCCTGTATTACTTTGACTACTGGGGCCAGGGAACCCTGGTCACCGTCTCCTCAGGTGAGTCCTCACAACCTCTCTCCTGCTTTAACTCTGAAGGGTTTTG	BCDBBFFFFEEEEEEEEEEEEEEEEEEEEEEEEEEEEEEEEEEEEEEEEEEEEEEEEEEEEEEEEEEEEEEEHGGGGHHGGHGGGHHHHHHHHGHGHHHHHHHHHHHHHHHHHHHHHGGHHHHHHHHHHHHHHHHHHHHHGHHGGGGGH	IGHV5-51*00(95)	IGHD6-13*00(58)	IGHJ4*00(234)		516|535|556|0|19||95.0	21|39|63|21|39|SA25GSA30G|58.0	18|68|68|53|103|SC21T|234.0												TGTGCGAGACGGGGGTGTAGCGGCAGCTGGCCCACCCACTCCCTGTATTACTTTGACTACTGG	36	GGCCAGGGAACCCTGGTCACCGTCTCCTCAG	38						CARRGCSGSWPTHSLYYFDYW	GQGTLVTVSS_	:::::::::9:-1:19:21:0:-3:39:53:2:72:103::
17	1.0	6.646726487205052E-5	GAAGATCTCCTGTAAGGGTTCTGGATACAGCTTTACCAACTACTGGATCGGCTGGGTGCGCCAGATGCCCGGGAAAGGCCTGGAGTGGATGGGGATCATCTATCCTGGTGACTCTGATACCAGATACAGCCCGTCCTTCCAAGGCCAGGT,TCAGCCGACAAGTCCATCAGCACCGCCTACCTGCAGTGGAGCAGCCTGAAGGCCTCGGACACCGCCATGTAATACTGTGCGAGACGGGGGTATAGCGGCAGCTGGCCCACCCACTCCCTGCATTACTTTGACTACTGGGGCCAGGGAACCC	BCCCCFFFFFFFGGGGGGGGGGHHGHHHHHHHHHHHHHHGHHHHHHHHHEEGGGGGGGGGGGGGGHHFGHGFGCGGCCGHHGHHHHHGFFGGHGAFEHHGFHHHHHHHGHHHHHHHHHHEFCGFFHHFHEGGGFGGGHHHHHHEHHHHHG,HGGGGGHHHHHHGHGG1GGGGDGGGGHHGGHHHHHHHHHHGHHHHHHHHHGGGGGGHHGGGGGHHHHHHHHHHHHFFFFFFFFFFFFFFFFFFFFFFFFFFFFFFFFFFFFFFFFFFFFFFFFFFFFFFFFFFFFFFFGFBFFFFFACCBB	IGHV5-51*00(1143)	IGHD6-13*00(74)	IGHJ4*00(140)		293|443|556|0|150|SG331A|734.0,450|535|556|0|85|ST521A|409.0	,21|39|63|87|105|SA30G|74.0	,22|50|68|123|151||140.0				GGATACAGCTTTACCAACTACTGG	38	ATCGGCTGGGTGCGCCAGATGCCCGGGAAAGGCCTGGAGTGGATGGGGATC	32	ATCTATCCTGGTGACTCTGATACC	36			TGTGCGAGACGGGGGTATAGCGGCAGCTGGCCCACCCACTCCCTGCATTACTTTGACTACTGG	37				GYSFTNYW	IGWVRQMPGKGLEWMGI	IYPGDSDT		CARRGYSGSWPTHSLHYFDYW		:::::22:46:97:121:::::::::::::,:::::::::75:-1:85:87:0:-3:105:123:-2:138:::
18	1.0	6.646726487205052E-5	GTATTACTGTGCGAGACGGGGGTATAGCAGCTGGCCCACCCACTCCCTTTACTACTTTGACTACTGGGGCCAGGGAACCCTGGTCACCGTCTCCTCAGGTGAGTCCTCACAACCTCTCTCCTGCTTTAACTCTGAAGGGTTTTGCTGCATTTTTGGGGGGAAATAAGGG	AAABBFFFFFFFFFFFFFFFFFFFFFFFFFFFFFFFFFFFFFFFFFFFFFFFFFFFFFFFFFFFFFFHHHHHHHHHHGGHHHHHHHHHGHGHHHHHHHHHHHHHHHHHHHHHGGHHHHHHHHHHHHHHHHHHHHHHHHHHHHGHHHHHHGHGGGGGGFFFFFFFCBCCB	IGHV4-39*00(85)	IGHD6-13*00(60),IGHD6-25*00(60),IGHD2-2*00(55)	IGHJ4*00(245)		521|538|559|0|17||85.0	21|33|63|19|31||60.0;18|30|54|19|31||60.0;3|14|93|23|34||55.0	19|68|68|49|98||245.0												TGTGCGAGACGGGGGTATAGCAGCTGGCCCACCCACTCCCTTTACTACTTTGACTACTGG	37	GGCCAGGGAACCCTGGTCACCGTCTCCTCAG	38						CARRGYSSWPTHSLYYFDYW	GQGTLVTVSS_	:::::::::7:-1:17:19:0:-9:31:49:1:67:98::
19	1.0	6.646726487205052E-5	GTATTACTGTGCGAGACGGGGGTATAGCAGCTGGCCCACCCACTCCCTGTACTACTTTGGCTACTGGGGCCAGGGCACCCTGGTCACCGTCTCCTCAGGTGAGTCCTCACAACCTCTCTCCTGCTTTAACTCTGAAGGGTTTTGCTGCATT	CBCCDFFFFFFFFFFFFFFFFFFFFFFFFFFFFFFFFFFFFFFFFFFFFFFFFFFFFFFFFFFFFFFHGGGGHHGGGGGGHHHHHHHHGHGHHHHHHHHHHHHHHHHHHHHHGGHHHHHHHHHHHHHHHHHHHHHHHHGFHGGHHHHHHHH	IGHV4-39*00(85),IGHV5-51*00(85)	IGHD6-13*00(60),IGHD6-25*00(60),IGHD2-2*00(55)	IGHJ4*00(218)		521|538|559|0|17||85.0;525|535|556|7|17||50.0	21|33|63|19|31||60.0;18|30|54|19|31||60.0;3|14|93|23|34||55.0	18|68|68|48|98|SA29GSA45C|218.0												TGTGCGAGACGGGGGTATAGCAGCTGGCCCACCCACTCCCTGTACTACTTTGGCTACTGG	37	GGCCAGGGCACCCTGGTCACCGTCTCCTCAG	38						CARRGYSSWPTHSLYYFGYW	GQGTLVTVSS_	:::::::::7:-1:17:19:0:-9:31:48:2:67:98::
20	1.0	6.646726487205052E-5	GTCTGGAGCAGAGGTGAAAAAGCCCGGGGAGTCTCTGAAGATCTCCTGTAAGGGTTCTGGATACAGCTTTACCAACTACTGGATCGGCTGGGTGCGCCAGATGCCCGGGAAAGGCCTGGAGTGGATGGGGATCATCTATCCTGGTGGCT,TCAGCCGACAAGTCCATCAGCACCGCCTACCTGCAGTGGAGCAGCCTGAAGGCCTCGGACACCGCCATGTATTACTGTGCGAGACGGGGGTATAGCAGCGGCTGGCCCACCCACTCCCTTTACTACTTTGGCTACTGGGGCCAGGGAACCC	BBCBCFFFFDFFGGGGGGGGGGHHHGGGGGGGHHHHHHHHHHHHHHHHHHHHHHHHHHHHHHHHHHHHHHHHHHHGHHHHHHHHHGGGGGGGGFGGGGGGHHHHHHGGGGGHHHHHHGHHHHHGHHHGHGGGGHHHHHHHHHHHGHGHH,CGGGGGHHHHHGHHHHGHHGGFGGHGHHHHHHHHGHHHHHGHGHHGHHHHGGGGGGHHGGGGGHHHHHHHHHHHHGGGGGGGGGGGGGGGGGGGGGGGGGGGGGGGGGGGGGGGGGGGGGGGGGGGGGGGGGGGGGGGGFCFFFFFBCCCB	IGHV5-51*00(1138)	IGHD6-25*00(80),IGHD6-13*00(74),IGHD6-19*00(74)	IGHJ4*00(139)		257|406|556|0|149|SG331ASA403G|713.0,450|535|556|0|85||425.0	,18|34|54|87|103||80.0;,21|39|63|87|105|SA33G|74.0;,21|39|63|87|105|ST32C|74.0	,19|50|68|120|151|SA29G|139.0				GGATACAGCTTTACCAACTACTGG	38	ATCGGCTGGGTGCGCCAGATGCCCGGGAAAGGCCTGGAGTGGATGGGGATC	37					TGTGCGAGACGGGGGTATAGCAGCGGCTGGCCCACCCACTCCCTTTACTACTTTGGCTACTGG	38				GYSFTNYW	IGWVRQMPGKGLEWMGI			CARRGYSSGWPTHSLYYFGYW		:::::58:82:133::::::::::::::,:::::::::75:-1:85:87:0:-2:103:120:1:138:::
21	1.0	6.646726487205052E-5	ACCAACTACTGGATCGGCTGGGTGCGCCAGATGCCCGGGAAAGGCCTGGAGTGGATGGGGATCATCCATCCTGGTGACTCTGATACCAGATACAGCCCGTCCTTCCAAGGCCAGGTCACCATCTCAGCCGACAAGTCCATCAGCACCGCCTACCTGCAGTGGAGCAGCCTGAAGGCCTCGGACACCGCCATGTATTACTGTGCGAGACGGGGGTATAGCAGCAGCTGGCTCTCCCACTCCCTGTACTACTTTGACTGCTGGGGCCAGGGAACCC	CCCCCCFFFFFFGGGGGGGGGGHGGGGGGGHHHHHHGGGGGHHHHHHGHHHHHGGHHGHGGGGHHHHGHHHGHHGHHHHHHHHHHHHHHHHHHHHHHGGGGGGHHHHHHGHHHGHHHHHHHHHHGHHHHHHHHHHHHHHHHHHHHHHHGHHHHHHHHHHHHHHGHHHGHHHHHGGGGGGHHGGGGGHHHHHHHHHHHHFFFFFFFFFFFFFFFFFFFFFFFFFFFFFFFFFFFFFFFFFFFFFFFFFFFFFFFFFFFFFFFGFBFFFFFBBBAA	IGHV5-51*00(1008)	IGHD6-13*00(90)	IGHJ4*00(144)		327|535|556|0|208|SG331AST393C|1008.0	21|39|63|210|228||90.0	18|50|68|242|274|SA32G|144.0						ATCGGCTGGGTGCGCCAGATGCCCGGGAAAGGCCTGGAGTGGATGGGGATC	38	ATCCATCCTGGTGACTCTGATACC	38	AGATACAGCCCGTCCTTCCAAGGCCAGGTCACCATCTCAGCCGACAAGTCCATCAGCACCGCCTACCTGCAGTGGAGCAGCCTGAAGGCCTCGGACACCGCCATGTATTAC	38	TGTGCGAGACGGGGGTATAGCAGCAGCTGGCTCTCCCACTCCCTGTACTACTTTGACTGCTGG	37					IGWVRQMPGKGLEWMGI	IHPGDSDT	RYSPSFQGQVTISADKSISTAYLQWSSLKASDTAMYY	CARRGYSSSWLSHSLYYFDCW		::::::12:63:87:198:-1:208:210:0:-3:228:242:2:261:::
22	1.0	6.646726487205052E-5	GAGGAGAACGGGTGGAAAGGAGCCCCTGATTCAAATTTTGTGTCTCCCCCACAGGAGTCTGTGCC,AAGGCCTCGGACACCGCCATGTATTACTGTGCGAGACGGGGGTATAGCAGCAGCTGGCCCACCCACTCCCTGTACTACTTTGACTACTGGGGTGGCCCACCCACTCCCTGTACTACTTTGACTACTGGGGCCAGGGAACCCTGGTCACCGT	A>A1AA?FFA@AEE0CGGGCGGHCFECGFFHCD2GBHHHBHFHGFEDAAEEEGHGHGHGF1FF1D,HGCCD?DDHHDCACGHFHHHHFFFG2H?????????????????????????????????????????????????????????????????????????????????????????????????????HGFGGGGGGGGBFFFFBAABBBA	IGHV5-51*00(510)	IGHD6-13*00(90)	IGHJ4*00(210)		175|240|556|0|65||325.0,498|535|556|0|37||185.0	,21|39|63|39|57||90.0	,18|60|68|109|151||210.0												TGTGCGAGACGGGGGTATAGCAGCAGCTGGCCCACCCACTCCCTGTACTACTTTGACTACTGGGGTGGCCCACCCACTCCCTGTACTACTTTGACTACTGG	30								CARRGYSSSWPTHSLYY_*LLGWPTHSLYYFDYW		:::54:65:::::::::::::::::,:::::::::27:-1:37:39:0:-3:57:109:2:128:::
23	1.0	6.646726487205052E-5	GTCTGGAGCAGAGGTGAAAAAGCCCGGGGAGTCTCTGAAGATCTCCTGTAAGGGTTCTGGATACAGCTTTACCAACTACTGGATCGGCTGGGTGCGCCAGATGCCCGGGAAAGGCCTGGAGTGGATGGGGATCATCTATCCTGGTGACT,CCATCAGCACCGCCTACCTGCAGTGGAGCAGCCTGAAGGCCTCGGACACCGCCATGTATTACTGTGCGAGACGGGGGTATAGCAGCAGCTGGCCCACCCACTCCCTGTACTACTACTGGGGCCAGGGAACCCTGGTCACCGTCTCCTCAGG	A>ABAFFFFAFBGGGGGGGGGGHHHGGGGGGGHHHHHGHHHHHHHHHGHFHHHHGHHHHHHGHHGHHHHHGHHHGGH3BFHHHHHGFGGGGGGGGGGGGG0FGGHHFGGGCHHHHHHGGHHHGFFHHGHGEDAAGFGEBFGGFHGBGHH,HHHFGHGGFGGHGHGAHHHHHHHHHHHGHGHGHHHHHGGGGGGHHGEEGGHHHHHHHGHHHHFFFFFFFFFFFFFFFFFFFFFFFFFFFFFFFFFFFFFFFFFFFFFFFFFFFFFFFFFHGGHHHHHGGGGGGGGGGGGCCCCFBFABAAA	IGHV5-51*00(1089)	IGHD6-13*00(90)	IGHJ4*00(195)		257|406|556|0|149|SG331A|729.0,463|535|556|0|72||360.0	,21|39|63|74|92||90.0	,29|68|68|111|150||195.0				GGATACAGCTTTACCAACTACTGG	18	ATCGGCTGGGTGCGCCAGATGCCCGGGAAAGGCCTGGAGTGGATGGGGATC	15					TGTGCGAGACGGGGGTATAGCAGCAGCTGGCCCACCCACTCCCTGTACTACTACTGG	37	GGCCAGGGAACCCTGGTCACCGTCTCCTCAG	32		GYSFTNYW	IGWVRQMPGKGLEWMGI			CARRGYSSSWPTHSLYYYW	GQGTLVTVSS_	:::::58:82:133::::::::::::::,:::::::::62:-1:72:74:0:-3:92:111:-9:119:150::
24	1.0	6.646726487205052E-5	CTACTACATGAGCTGGATCCGCCAGGCTCCAGGGAAGGGGCTGGAGTGGGTTTCATACATTAGTAGTAGTGGTAGTATCATATACTACGCAGACTCTGTGAAGGGCCGATTCACCATCTCCAGGGACAACGCCAAGAACTCACTGTATCTGCAAATGAACAGCCTGAGAGGCGAGGACACGGCCGTGTATTACTGTGCGAGAGATGAGGAGGCAGGTCGGGGATTCTACTACTACTACGGTATGGACGTCTGGGGCCAAGGAACCC	DDDDDFFFFFFFGGGGGGGGGGGGGHHHHGGHHGGHGGGGGGGGHHHHGHGGGHHHHHHHHHHHHHHHHHGHHHHHHHHHHHHHHHHHGGGGGHHHHHHHHHHGGGGGGGGHHHHHHHHHHHHHHGGGHHHHHHHHHHHHHHHHHHHHHHHHGHHHHHHHHHGHGHHGGGGGHHHHHGGGGGGGHHHHHHHHGFFFFFFFFFFFFFFFFFFFFFFFFFFFFFFFFFFFFFFFFFFFFFFFFFFFFFFFFFFFFGFFFFFFFBCCCC	IGHV3-11*00(993)	IGHD7-27*00(30)	IGHJ6*00(173)		346|551|570|0|205|SC423TSC516G|993.0	17|23|33|218|224||30.0	24|65|83|225|266|SG60ASA64C|173.0						ATGAGCTGGATCCGCCAGGCTCCAGGGAAGGGGCTGGAGTGGGTTTCATAC	37	ATTAGTAGTAGTGGTAGTATCATA	38	TACTACGCAGACTCTGTGAAGGGCCGATTCACCATCTCCAGGGACAACGCCAAGAACTCACTGTATCTGCAAATGAACAGCCTGAGAGGCGAGGACACGGCCGTGTATTAC	38	TGTGCGAGAGATGAGGAGGCAGGTCGGGGATTCTACTACTACTACGGTATGGACGTCTGG	37					MSWIRQAPGKGLEWVSY	ISSSGSII	YYADSVKGRFTISRDNAKNSLYLQMNSLRGEDTAVYY	CARDEEAGRGFYYYYGMDVW		::::::7:58:82:193:1:205:218:-6:1:224:225:-4:253:::
25	1.0	6.646726487205052E-5	AGCCTGGGTCCTCGGTGAAGGTCTCCTGCAAGGCTTCTGGAGGCACCTTCAGCAGCTATGCTATCAGCTGGGTGCGACAGGCCCCTGGACAAGGGCTTGAGTGGATGGGAGGGATCATCCCTATCTTTGGTACAGCAAACTACGCACAGAA,CGGACGAATCCACGAGCACAGCCTACATGGAGCTGAGCAGCCTGAGATCTGAGGACACGGCCGTGTATTACTGTGCGAGAGAGGGTGAGCGATTTTTGGAGTGGCCTCCTTACAACTGGTTCGACCCCTGGGGCCAGGGAACCCTGGTCAC	CBCCC@A@FFBFGGGGGGGGGGHHHHHHHHHHGHHHHHHHHHGGGHGHHHHHHHHHHHHHHHGHHGGHHHHGHGGGGGGGGGGGGHGHHHHHHHGGHHGHHHHGHHHGHFFGGGHGHHHHHHHHHHHHHHFHHGHHGHHHGHHGGGGGGGH,CGGHGHHHGGHDGHHHHHHHHHHHHHHHHHHHHHHHGHHHHHHHHHHHHHHHHHHGGGGGGGHHHHHHHHHGGGGGGGGGGGGGGGGGGGGGGGGGGGGGGGGGGGGGGGGGGGGGGGGGGGGGGGGGGGGGGGGGGGGFFCBFFFCBBBA	IGHV1-69D*00(1165)	IGHD3-3*00(75)	IGHJ5*00(205)		280|431|559|0|151||755.0,457|539|559|0|82||410.0	,37|52|93|89|104||75.0	,19|60|71|110|151||205.0				GGAGGCACCTTCAGCAGCTATGCT	38	ATCAGCTGGGTGCGACAGGCCCCTGGACAAGGGCTTGAGTGGATGGGAGGG	37	ATCATCCCTATCTTTGGTACAGCA	37			TGTGCGAGAGAGGGTGAGCGATTTTTGGAGTGGCCTCCTTACAACTGGTTCGACCCCTGG	38				GGTFSSYA	ISWVRQAPGQGLEWMGG	IIPIFGTA		CAREGERFLEWPPYNWFDPW		:::::38:62:113:137:::::::::::::,:::::::::71:0:82:89:-6:-10:104:110:1:131:::
26	1.0	6.646726487205052E-5	GGACTGGACCTGGAGGTTCCTCTTTGTGGTGGCAGCAGCTACAGGTAAGGGGCTTCCTAGTCCTAAGGCTGAGGAAGGGATCCTGGTTTAGTTAAAGAGGATTTTATTCACCCCTGTGTCCTCTCCACAGGTGTCCAGTCCCAGGTGCAG,ATTACCGCGGACGAATCCACGAGCACAGCCTACATGGAGCTGAGCAGCCTGAGATCTGAGGACACGGCCGTGTATTACTGTGCGAGAGAGGGTGAGCGATTTTCGGAGTGGTCCCCTTACAACTGGTTCGACTCCTGGGGCCAGGGAACCC	AAABAABFFFFFGGGGGFGGGGHHHHGHGGFGHGGGHHHHHHHHHDGHHGHGGGHHFFGHHHHHHHEHHHHHEEGHHGGEHGHHHHFFHHHDGFGHHHHHFFHHHHHHGHHGHGGGFHHGHHHHHHHHHHHGGHHFGHHHHHGFGHHHGH,FGFDGGGGGGHGHHHGGHFGHHHHHHHHGHHHHHHHHHHHHHHGHHHHHHHHHHHHHHHHHHGGGGGGGHHHHHHHHHGGGGGGGGGGGGGGGGGGGGGGGGGGGGGGGGGGGGGGGGGGGGGGGGGGGGGGGGGGGGGFCFFFFFABBAA	IGHV1-69D*00(1195)	IGHD3-3*00(64)	IGHJ5*00(154)		102|252|559|0|150||750.0,450|539|559|0|89||445.0	,37|53|93|96|112|ST44C|64.0	,19|53|71|117|151|SC34T|154.0												TGTGCGAGAGAGGGTGAGCGATTTTCGGAGTGGTCCCCTTACAACTGGTTCGACTCCTGG	38								CAREGERFSEWSPYNWFDSW		::44:130:141:::::::::::::::::,:::::::::78:0:89:96:-6:-9:112:117:1:138:::
27	1.0	6.646726487205052E-5	GCCTGAAGGCCTCGGACACCGCCATGTATTACTGTGCAAGACGGGGGTATAGCAGCAGTTGGCCCACCCACTCCCTCTACTACTTTGACTACTGGGGCCAAGGAACCC	HHHHHHHGFGEGGHHGGGGGHGHHHHHHHHHHGGGGGGGGGGGGGGGGGGGGGGGGGGGGGGGGGGGGGGGGGGGGGGGGGGGGGGGGGGGGGGGHGGGGHHGHHHGG	IGHV5-51*00(194)	IGHD6-13*00(74)	IGHJ4*00(139)		493|535|556|0|42|SG530A|194.0	21|39|63|44|62|SC35T|74.0	19|50|68|77|108|SG42A|139.0												TGTGCAAGACGGGGGTATAGCAGCAGTTGGCCCACCCACTCCCTCTACTACTTTGACTACTGG	38								CARRGYSSSWPTHSLYYFDYW		:::::::::32:-1:42:44:0:-3:62:77:1:95:::
28	1.0	6.646726487205052E-5	GTGCCATCTCCGGGGACAGTGTCTCTAGCAACAGTGCTGCTTGGAACTGGATCAGGCAGTCCCCATCGAGAGGCCTTGAGTGGCTGGGAAGGACATACTACAGGTCCAAGTGGTATAATGATTATGCAGTATCTGTGAAAAGTCGAATAA,ACACATCCAAGAACCAGTTCTCCCTGCAGCTGAACTCTGTGACTCCCGAGGACACGGCTGTGTATTACTGTGCAAGAGGGCTCCCCCCTCTTAGTGGGAACTACCCCACGGTCGGATACTGGTACTTCAATCTCTGGGGCCGTGGAACCC	CBBCDFFFFFFCGGGGGGGGGGHHHHHHHGHHHHHHHHHHHHHGHHHHHHHHHHHHHHGHHHHHHHHGHGHGGGGHHHHHHHGGHGGGFHGGGHHHHHHHHHHHHHHHHHHHHHHHHHHHHHHHFHFFGFDFBGFFBFGHHGFFFFFHGH,FFFFFFFFFFFFFFFFFFFGGGGGGGGGGGGGGGGGGGGGGGGGGGGHHHHHGGGHHHHHHHHHHHHHEEEEEEEEEEEEEEEEEEEEEEEEEEEEEEEEEEEEEEEEEEEEEEEEEEEEEEEEEEEEEEEEEEEEEGCCCFFFFBCCCB	IGHV6-1*00(1140)	IGHD1-26*00(49)	IGHJ2*00(138)		307|457|568|0|150||750.0,469|547|568|0|78||390.0	,24|37|60|91|104|SG32A|49.0	,21|55|73|116|150|SG33ASC50A|138.0				GGGGACAGTGTCTCTAGCAACAGTGCTGCT	34	TGGAACTGGATCAGGCAGTCCCCATCGAGAGGCCTTGAGTGGCTGGGAAGG	37	ACATACTACAGGTCCAAGTGGTATAAT	38			TGTGCAAGAGGGCTCCCCCCTCTTAGTGGGAACTACCCCACGGTCGGATACTGGTACTTCAATCTCTGG	36				GDSVSSNSAA	WNWIRQSPSRGLEWLGR	TYYRSKWYN		CARGLPPLSGNYPTVGYWYFNLW		:::::11:41:92:119:::::::::::::,:::::::::68:-1:78:91:-4:-3:104:116:-1:137:::
29	1.0	6.646726487205052E-5	CTGTGACTCCCGAGGACACGGCTGTGTATTACTGTGCAAGAGGGCCCCCCCCTCTTAGTGGGAGCTACCCCACGGTCGGATACTTCAATCTCTGGGGC	FFFFFFFFFFFFGGGGGGGGGGGGHHHHHHHHGGGGGGGGGGGGGGGGGGGGGGGGGGGGGGGGGGGGGGGGGGGGGGGGGGGGGGGGGGGGGGGGGG	IGHV6-1*00(210)	IGHD1-26*00(65)	IGHJ2*00(74)		505|547|568|0|42||210.0	24|37|60|55|68||65.0	27|45|73|80|98|SG33A|74.0												TGTGCAAGAGGGCCCCCCCCTCTTAGTGGGAGCTACCCCACGGTCGGATACTTCAATCTCTGG	38								CARGPPPLSGSYPTVGYFNLW		:::::::::32:-1:42:55:-4:-3:68:80:-7:95:::
30	1.0	6.646726487205052E-5	GCTGCAGCAGTCAGGTCCAGGACTGGTGAAGCCCTCGCAGACCCTCTCACTCACCTGTGCCATCTCCGGGGACAGTGTCTCTAGCAACAGTGCTGCTTGGAACTGGATCAGGCAGTCCCCATCGAGAGGCCTTGAGTGGCTGGGAAGGACA,CATCCAAGAGCCAGTTCTCCCTGCAGCTGAACTCTGTGACTCCCGAGGACACGGCTGTGTATTACTGTGCAAGAGGGCCCCCCCCTCTTAGTGGGAACTACCTCACGGTCGGATACTGGTACTTCAATCTCTGGGGCCGTGGGACCACGG	ABCBCFFFFFFFGGGGGGGGGGHHHHHHHHHHHHHHGGGGGHHHHHHHHHHHHHHHHHHHHHHHHHGGGGGGGGGHHHHHHHHHHHHHHHHHHHHHHHHGHHHHHHHHHHHHHHGHHHHHHHHGHGHGGGGHHHHHHHGGHGGGHHGGHGH,FB;FFFFFFFFFFFFFFFFFFFFFFFFFFFFFEFFFFFDB;FFFFFFFFFFFFFFFFFFFFFFFFEEEEEEEEEEEEEEEEEEEEEEEEEEEEEEEEEEEEEEEEEEEEEEEEEEEEEEEEEEEEEEEEEEEEEGGGGFFFFFCBAABBA	IGHV6-1*00(1114)	IGHD1-26*00(49)	IGHJ2*00(121)		251|402|568|0|151||755.0,472|547|568|0|75|SA481G|359.0	,24|37|60|88|101|SG32A|49.0	,21|58|73|113|150|SG33ASC50GSC54AST55C|121.0				GGGGACAGTGTCTCTAGCAACAGTGCTGCT	38	TGGAACTGGATCAGGCAGTCCCCATCGAGAGGCCTTGAGTGGCTGGGAAGG	38					TGTGCAAGAGGGCCCCCCCCTCTTAGTGGGAACTACCTCACGGTCGGATACTGGTACTTCAATCTCTGG	36				GDSVSSNSAA	WNWIRQSPSRGLEWLGR			CARGPPPLSGNYLTVGYWYFNLW		:::::67:97:148::::::::::::::,:::::::::65:-1:75:88:-4:-3:101:113:-1:134:::
31	1.0	6.646726487205052E-5	CTTTGCTAACTACTGGATCGGCTGGGTGCGCCAGATGCCCGGGAAAGGCCTGGAGTGGATGGGGATCATCTATCCTGGTGACTCTGATACCAGATACAGCCCGTCCTTCCAAGGCCAGGTCACCATCTCAGCCGACAAGTCCATCAGCACCGCCTACCTGCAGTGGAGCAGCCTGAAGGCCTCGGACACCGCCATGTATTACTGCGCGAGACGGGGGTATAGCAGCAGCTGGCCCACCCACTCCCTGTACTACTTTGACCCCTGGGGCCAGGGC	CDCDCFFFFFFFGGGGGGGGGGGGGGHGGGGGGGHHHHHHGGGGGHHHHGGGHHHHHGHHGGHGGGGHHGHHHHHHHHBGHHHHHHHHHGHHHHHHHHHHGGGGGGGHHHHHHGHHHHHHHHHHHHHHHHGHHHHHHHHHHHHHHHHHHHGHGHHFHHHHHHHHHHHGHHHHHHHHHGGGGGGHHGEEGGHHHHHHHHHGGGDDDDDDDDDDDDDDDDDDDDDDDDDDDDDDDDDDDDDDDDDDDDDDDDDDDDDDDDDDDDDDDFFDFEEEDE	IGHV5-51*00(996)	IGHD6-13*00(90)	IGHJ4*00(92)		323|535|556|0|212|SA327GSC329TSG331AST527C|996.0	21|39|63|214|232||90.0	18|46|68|246|274|ST31CSA32CSA45C|92.0						ATCGGCTGGGTGCGCCAGATGCCCGGGAAAGGCCTGGAGTGGATGGGGATC	38	ATCTATCCTGGTGACTCTGATACC	33	AGATACAGCCCGTCCTTCCAAGGCCAGGTCACCATCTCAGCCGACAAGTCCATCAGCACCGCCTACCTGCAGTGGAGCAGCCTGAAGGCCTCGGACACCGCCATGTATTAC	36	TGCGCGAGACGGGGGTATAGCAGCAGCTGGCCCACCCACTCCCTGTACTACTTTGACCCCTGG	35					IGWVRQMPGKGLEWMGI	IYPGDSDT	RYSPSFQGQVTISADKSISTAYLQWSSLKASDTAMYY	CARRGYSSSWPTHSLYYFDPW		::::::16:67:91:202:-1:212:214:0:-3:232:246:2:265:::
32	1.0	6.646726487205052E-5	GGAGTGGATGGGGGTCATATATCCTGGTGACTCTGATACCAGATACAGCCCGTCTTTCCAAGGCCAGGTCACCATCTCAGCCGACAAGTCCAATACTACCACCTATTTACAGTGGAGCAGCCTGGAGGCCTCGGACACCGCCATTTATTATTATGCGAGACATTCGTCTAATTCCTTACGTAATTGGTTCGACTCCTGGGGCCAGGGCACCCT	BBBBBFBFFFDDGGGGGGGGGGHHHHHHHHHHHHHHHHHHHHHHHHHHHHGGGGHGHHHHHHGHHHHHHHHHHHHHHHHHHHHHHHHHHHHHHHHHHHHHHHHHHHHHHHHHHHHHHHHHHHHHHHHGGGHHHHGGGHGHHHHHHHHHHHHGGGGGGGGGGGGGGGGGGGGGGGGGGGGGGGGGGGGGGGGGGGGGGGGGGCFFFFBBACCBB	IGHV5-51*00(575)	IGHD5-12*00(45),IGHD5-18*00(45),IGHD5-24*00(45)	IGHJ5*00(113)		374|537|556|0|163|SA387GSC392ASC428TST466ASC467TSG469CSC470TSG474ASC479TSC480TSG482ASA498GSG518TSC524TSG526A|575.0	42|51|69|175|184||45.0;42|51|69|175|184||45.0;36|45|60|175|184||45.0	25|54|71|184|213|SC34TSA48C|113.0								ATATATCCTGGTGACTCTGATACC	38	AGATACAGCCCGTCTTTCCAAGGCCAGGTCACCATCTCAGCCGACAAGTCCAATACTACCACCTATTTACAGTGGAGCAGCCTGGAGGCCTCGGACACCGCCATTTATTAT	38	TATGCGAGACATTCGTCTAATTCCTTACGTAATTGGTTCGACTCCTGG	38						IYPGDSDT	RYSPSFQGQVTISADKSNTTTYLQWSSLEASDTAIYY	YARHSSNSLRNWFDSW		:::::::16:40:151:1:163:175:-19:5:184:184:-5:199:::
