cloneId	readCount	readFraction	targetSequences	targetQualities	allVHitsWithScore	allDHitsWithScore	allJHitsWithScore	allCHitsWithScore	allVAlignments	allDAlignments	allJAlignments	allCAlignments	nSeqFR1	minQualFR1	nSeqCDR1	minQualCDR1	nSeqFR2	minQualFR2	nSeqCDR2	minQualCDR2	nSeqFR3	minQualFR3	nSeqCDR3	minQualCDR3	nSeqFR4	minQualFR4	aaSeqFR1	aaSeqCDR1	aaSeqFR2	aaSeqCDR2	aaSeqFR3	aaSeqCDR3	aaSeqFR4	refPoints
0	33944.0	0.755452684055907	CAGGTGTCCANTGTCAGGGGCAACTAGTGGAGTCGGGGGGAGCCGGGGTCCAGCCTGGGAGGACCCTGACACTCTCCTGTGCAGCTTCTGGATTCACCTTCTCTACTTATGGCATGCACTGGGTCCGCCAGGCTCCAGGCAAGGGGCTGGAGTGGGTGGCAGTTATATCATTTGATGGAATTAACAAAAACTATGGAGACTCCGTGAGGGGCCGATTCACCGTCTCCAGAGACAATTCCGAGAACACCGTGTATCTTCAGATGAAGGGCCTGAGAGTTGAAGACACGGCTGTATATTATTGTGCGAGAGTCTCCTTGGGGGGTGAGTTCCTTTCTTTCCGCTACTACGGCATGGACGTCTGGGGCCAAGGGACCNCGGTCACCGTC,GAAGGGCCTGAGAGTTGAAGACACGGCTGTATATTATTGTGCGAGAGTCTCCTTGGGGGGTGAGTTCCTTTCTTTCCGCTACTACGGCATGGACGT	"13/*3::@>>!9>8978@69;;7>;7:7;?7=8;4:<;<:7;5;:9<<6:=9;=<8:;;9=;9<;=789:;;8=8@B8<7=:9<>9:?9==99:?;=>89@9?9=83;<9=;=99;>:>9:=<9==:=>:===8?>:>;=:9=;===:<<7?8==;5>>>;>9;=;<:@;;;<>:;A@::<<<;=<><9;?>=<>@:A:@;@=?:A:@>=>>=?<:<?:@>?9@:@?<B<@;?<?==???<A;;?7K89<?>>>C:9D<B<<?;<?>C>A=E<A;B::C<:C:B:@>?@>C==@@?@A;+++++++++++++++++++++++++++++++++++++++++++++++++++++++++++++++@>>988@>(725!(143/,+.-0+,++,,[[+,-[[[[[[+[[[[[[[[[[[[[[[[[[[[[[[[[[[[[[[[[[[[[[[([[[[[[[[[[[[[[[[[[[[[[[[GGGGGGGGFFFFFFF9"	IGHV3-30*00(481,8)	IGHD3-16*00(35),IGHD1-7*00(30)	IGHJ6*00(155,8)		244|550|574|0|306|SG254NST262GSG266ASG269AST278GSG286CST289GST306ASG313CSC329TSA345TSG346CSG349CSC350TSA415TSG424TST428CST432ASC439GSA451GSA465GSA483GSG491CSC492GSG500TSA503GSC509GSA510GSC520TSG524ASG536ASC542T|1022.0,	"52|59|111|314|321||35.0,;2|8|51|324|330||30.0,"	30|76|83|340|386|ST39CSA64N|202.0,		CAGGGGCAACTAGTGGAGTCGGGGGGAGCCGGGGTCCAGCCTGGGAGGACCCTGACACTCTCCTGTGCAGCTTCT	19	GGATTCACCTTCTCTACTTATGGC	18	ATGCACTGGGTCCGCCAGGCTCCAGGCAAGGGGCTGGAGTGGGTGGCAGTT	20	ATATCATTTGATGGAATTAACAAA	25	AACTATGGAGACTCCGTGAGGGGCCGATTCACCGTCTCCAGAGACAATTCCGAGAACACCGTGTATCTTCAGATGAAGGGCCTGAGAGTTGAAGACACGGCTGTATATTAT	22	TGTGCGAGAGTCTCCTTGGGGGGTGAGTTCCTTTCTTTCCGCTACTACGGCATGGACGTCTGG	10	region_not_covered	region_not_covered	QGQLVESGGAGVQPGRTLTLSCAAS	GFTFSTYG	MHWVRQAPGKGLEWVAV	ISFDGINK	NYGDSVRGRFTVSRDNSENTVYLQMKGLRVEDTAVYY	CARVSLGGEFLSFRYYGMDVW	region_not_covered	:::3:14:89:113:164:188:299:-4:306:314:-15:-15:321:340:-10:362:::,:::::::::::::::::::::
1	4408.0	0.0981038012997418	TNNNNNGANCTGTTCACAGGGGTCCTGTCCCAGCTGCAGCTGCAGGAGTCGGGCCCAGGACTGGTGAAGCCTTCGGAGACCCTGTCCCTCACCTGCACTGTCTCTGGTGGCTCCATCAGCAGTAGTAGTTACTACTGGGGCTGGATCCGCCAGCCCCCAGGGAAGGGGCTGGAGTGGATTGGGAGTATCTATTATAGTGGGAGCACCTACTACAACCCGTCCCTCAAGAGTCGAGTCACCATATCCGTAGACACGTCCAAGAACCAGTTCTCCCTGAAGCTGAGCTCTGTGACCGCCGCAGACACGGCTGTGTATTACTGTGCGAGACAGGCCCAAAAATTACGATATTTTGACTGCCCAGGTGGTACTACTACATGGACGTCTGGGGCAAAGGGACCACGGTCACCGTC,GTATCTTCAGATGAAGGGCCTGAGAGTTGAAGNCACGGCTGTATATTATTGTGCGAGAGTCTCCTTGGGGGGTGAGTTCCTTTCTTTCCGCTACTACGGCATGGACGTCTGGGGCCAAGGGACCACGG	"V!!!!![Y!)(64598;;>>8?6@[798:=[=;2<38>1494<97A8:9;:9;8:677;8:;=65::8;5<88>;99<8@D:89799759963:79:17;676:8876717678987655:47;58904682=:8:63536554535645576676877888659;>89<9<8879789;788618;85:::89:;-987*984;>;9<7;>?<;:6=;:@@@8=<:::>9?:758<5;;<<:8:7:8896;0562909646-755073609962584532:426657:675<<=?<><=C;<:?;<>;B:?;>>B;9********************************************************************B6<0::BC*>38(+28420,2.2,,[[[[[[[[[[[[[[[[[[[[[[[[[[[[[[[[![[[[[[[[[[[[[[[[[[[[[[[[[[[[[[[[[[[[[[[[[[[[[[[[[[[[[[[[[[[[[[[[[[[[[[[[[[[[[[[[[[[[[[[[CDCCEEC"	IGHV4-39*00(902,8)	IGHD3-9*00(90)	IGHJ6*00(105,7)		210|539|559|0|329|SG211NSG212NSG213NST214NST215NST216GST217AST218N|1541.0,	33|51|93|338|356||90.0,	40|76|83|374|410|SC55A|164.0,		CAGCTGCAGCTGCAGGAGTCGGGCCCAGGACTGGTGAAGCCTTCGGAGACCCTGTCCCTCACCTGCACTGTCTCT	16	GGTGGCTCCATCAGCAGTAGTAGTTACTAC	15	TGGGGCTGGATCCGCCAGCCCCCAGGGAAGGGGCTGGAGTGGATTGGGAGT	16	ATCTATTATAGTGGGAGCACC	9	TACTACAACCCGTCCCTCAAGAGTCGAGTCACCATATCCGTAGACACGTCCAAGAACCAGTTCTCCCTGAAGCTGAGCTCTGTGACCGCCGCAGACACGGCTGTGTATTAC	12	TGTGCGAGACAGGCCCAAAAATTACGATATTTTGACTGCCCAGGTGGTACTACTACATGGACGTCTGG	9	region_not_covered	region_not_covered	QLQLQESGPGLVKPSETLSLTCTVS	GGSISSSSYY	WGWIRQPPGKGLEWIGS	IYYSGST	YYNPSLKSRVTISVDTSKNQFSLKLSSVTAADTAVYY	CARQAQKLRYF_LPRWYYYMDVW	region_not_covered	:::19:30:105:135:186:207:318:0:329:338:-2:-11:356:374:-20:386:::,:::::::::::::::::::::
2	3340.0	0.0743345499866465	CTCTCCACAGGTGNCCAGTCCCAGGTGCAGCTGGTGCAGTCTGGGGCTGAGGTGAAGAAGCCTGGGTCCTCGGTGAAGGTCTCCTGCAAGGCTTCTGGAGGCACCTTCAGCAGCTATGCTATCAGCTGGGTGCGACAGGCCCCTGGACAAGGGCTTGAGTGGATGGGAGGGATCATCCCTATCTTTGGTACAGCAAACTACGCACAGAAGTTCCAGGGCAGAGTCACGATTACCGCGGACGAATCCACGAGCACAGCCTACATGGAGCTGAGCAGCCTGAGATCTGAGGACACGGCCGTGTATTACTGTGCGAGAGAGGGTGAGCGATTTTTGGAGTGGTCCCCTTACAACTGGTTCGACCCCTGGGGCCAGGGAACCCTGGTCACCGT,ACACGGCTGTATATTATTGTGCGAGAGTCTCCTTGGGGGGTGAGTTCCTTTCTTTCCGCTACTACGGCATGGACGTCTGGGGCCAAGGGACCACGG	"..567574[861:!5<44==8:>=88;[<:>8>A7B;;;8C:9<<;@9[:<=7@:C[9;?>=:8<?7=:9A:;6?=::@8=7;[8<[<;[AB;9A=:A<;9B:??::B;B?8><;<<?=C@><::7:=>>7<8B9A5>;@<[A9;D:<;<>@=A<8<999?<<:?<>;B<<6F?=9F>==B=C<C:A>99E;<;F:;;?><9;8?:A<9[:;@>8;>F>:=:B8=<?:766646363972:22623;2;692<8488899A>7=>>;9<?@A@>B=A8?8@:=@9@:?A:?:?=D<=B9@G==[<=,,,,,,,,,,,,,,,,,,,,,,,,,,,,,,,,,,,,,,,,,,,,,,,,,,,,,,,,,,,,A8?680B5(.7//)+3-,)(+(3,[[[[[[[[[[[[[[[[[[[[[[[[[[[[[[[[[[[[[[[[[[[[[[[[[[[[[[[[[[[[[[[[[[[[[[[[[[[[[[[[[[[[[[[[[ABBBBAA"	IGHV1-69D*00(966,1)	IGHD3-3*00(80)	IGHJ5*00(166,3)		222|539|559|0|317|ST235N|1573.0,	37|53|93|324|340||80.0,	19|63|71|345|389||220.0,		CAGGTGCAGCTGGTGCAGTCTGGGGCTGAGGTGAAGAAGCCTGGGTCCTCGGTGAAGGTCTCCTGCAAGGCTTCT	21	GGAGGCACCTTCAGCAGCTATGCT	23	ATCAGCTGGGTGCGACAGGCCCCTGGACAAGGGCTTGAGTGGATGGGAGGG	20	ATCATCCCTATCTTTGGTACAGCA	21	AACTACGCACAGAAGTTCCAGGGCAGAGTCACGATTACCGCGGACGAATCCACGAGCACAGCCTACATGGAGCTGAGCAGCCTGAGATCTGAGGACACGGCCGTGTATTAC	17	TGTGCGAGAGAGGGTGAGCGATTTTTGGAGTGGTCCCCTTACAACTGGTTCGACCCCTGG	11	region_not_covered	region_not_covered	QVQLVQSGAEVKKPGSSVKVSCKAS	GGTFSSYA	ISWVRQAPGQGLEWMGG	IIPIFGTA	NYAQKFQGRVTITADESTSTAYMELSSLRSEDTAVYY	CAREGERFLEWSPYNWFDPW	region_not_covered	:::10:21:96:120:171:195:306:0:317:324:-6:-9:340:345:1:366:::,:::::::::::::::::::::
3	2056.0	0.0457580343630375	CCTGGGACTGGGCACCTGTGGAGANNCCACAGGAGTCTGTGCCGAGGTGCAGCTGGTGCAGTCTGGAGCAGAGGTGAAAAAGCCCGGGGAGTCTCTGAAGATCTCCTGTAAGGGTTCTGGATACAGCTTTACCAACTACTGGATCGGCTGGGTGCGCCAGATGCCCGGGAAAGGCCTGGAGTGGATGGGGATCATCTATCCTGGTGACTCTGATACCAGATACAGCCCGTCCTTCCAAGGCCAGGTCACCATCTCAGCCGACAAGTCCATCAGCACCGCCTACCTGCAGTGGAGCAGCCTGAAGGCCTCGGACACCGCCATGTATTACTGTGCGAGACGGGGGTATAGCAGCAGCTGGCCCACCCACTCCCTGTACTACTTTGACTACTGGGGCCAGGGAACCCTGGTCACCGT,TTTTTGGGGGGAAATAAGGGTGCTGGGTCTCCTGCCAAGAGAGCCCCGTGCTGCTGGGC	"1A11AACC>1>AFGGGGCGG0BCC!!3[[[[[[545[4[[3<[4[[[478:;<9[)6:?8A;>6<68[678:[<5[6[:99BB[?B>B=6;7[8=<996?98;:;;8?;<7;=C4:[6?@9<?:7<<7<<C<[>2>:>@:=C>@=:9@;?<;8<<:?@;=;?9@<8:AE;?:>@7A;79<=:==<;8?=798<=<7=@8<?@:[7A<[9=;@:;[[@989=;=:9;??:8D;9:[@;;[:;?9<=6=@;?;98694722652217302:725437435654:797<=;=?;<8;<9F7F:>;;CC?F;?=F9:7;>E?<<8==CB=;F***************************************************************999890>6(.7//(-3.-)),)0,[[[[[[[[[[[[[[[[[[[[[[ZHHGGHGGGGHHHHHGGGGGGGGGGFFFFFFDDDCCB"	IGHV5-51*00(939,1)	IGHD6-13*00(90)	IGHJ4*00(156,9)		197|535|556|0|338|SC199TSC200GST201GST204CSC206GSA207GSA208GSA209CST210AST211CST212CST217GSC218AST219GSC220ASC221NSC222NSG331A|1410.0,	21|39|63|340|358||90.0,	18|60|68|372|414||210.0,		GAGGTGCAGCTGGTGCAGTCTGGAGCAGAGGTGAAAAAGCCCGGGGAGTCTCTGAAGATCTCCTGTAAGGGTTCT	8	GGATACAGCTTTACCAACTACTGG	17	ATCGGCTGGGTGCGCCAGATGCCCGGGAAAGGCCTGGAGTGGATGGGGATC	22	ATCTATCCTGGTGACTCTGATACC	22	AGATACAGCCCGTCCTTCCAAGGCCAGGTCACCATCTCAGCCGACAAGTCCATCAGCACCGCCTACCTGCAGTGGAGCAGCCTGAAGGCCTCGGACACCGCCATGTATTAC	15	TGTGCGAGACGGGGGTATAGCAGCAGCTGGCCCACCCACTCCCTGTACTACTTTGACTACTGG	9	region_not_covered	region_not_covered	EVQLVQSGAEVKKPGESLKISCKGS	GYSFTNYW	IGWVRQMPGKGLEWMGI	IYPGDSDT	RYSPSFQGQVTISADKSISTAYLQWSSLKASDTAMYY	CARRGYSSSWPTHSLYYFDYW	region_not_covered	:::32:43:118:142:193:217:328:-1:338:340:0:-3:358:372:2:391:::,:::::::::::::::::::::
4	426.0	0.00948099350129084	ACTCCCATCTCCTCTCCACAGGTGCCCACTCCCAGGTGCAGCTGGTGCAATCTGGGTCTGAGTTGAAGAAGCCTGGGGCCTCGGTGAAGGTTTCCTGCAAGACTTCTGGATACACTTTCAGAACCCATGTTATGAATTGGGTGCGACAGGCCCCTGGACAAGGGCTTGAGTGGATGGGATGGATCGATACCAACACTGGGAACCCAACGTATGCCCAGGGCTTCACAGGACGGTTTGTCTTCTCCTTGGACACTTCTGTCAGCACGGCATACCTGCAGATCAACAGCCTAGAGGCTGATGACACTGCCGTGTATTACTGTGCGAGACCCGTGCCTACTACGGAGAATGCTTTCGATTTCTGGGGCCAAGGGACAATGGTCACCGTCNCNTCNNNTA,TTCCTTCTGCCTCCTTTCTCTGGGCCCAGCGTCCTCTGTCCTGGAACTGAGACATAATGTCCGGGGCCTCCTTGGTCTGCGCTGGGCCATGTGGGGCCCTCCGGGGCTCCTTCTGCGGCTGTTTGGGACCACGTTCAGC	"[[[[[[[[[[+[[[([[[[[[[3[*[85([3[8[[[6[[[[[2[[:[[[6[[3[[[:[7[[[[[77;[[[[[4<7[<3[[[[[[<[7[[[[388[7[858[3[[[<[[[559<8[8[8[8<3[3[4=[86[[52[22[=[[4[[9[[6[1:7[[[7[6=:::[:[[9[;[>[[;[:[[9999=[9[9[[==:9[[[9[[[=[[[=[6[[;[[[[[[[[[[=[[[[=[7[?8[8683;465>8;68586[[[8;;7;;7;[6[[[[[;[6;?[;;[5;[[[[;;;8[[>[6;;[;;5[;;;8;;[;7?9[[[;[[[[;,,,,,,,,,,,,,,,,,,,,,,,,,,,,,,,,,,,,,,,,,,,,,[[::[:[[0[9).+353/0./1[[![![[!!![[,[HHHHHHGHHHHHHHHHHHHHHHHHHGGHHGHGGHHHHHHHHHHHHHHHHHHHHGHHGGGGGGGGF?EEGHGHHHGEGCFGFGEGHFHHGGGGGGGGGGGGGGGGDFHFHHFCGGEGFGGCGGGGGGABAAFFFBBBBB"	IGHV7-4-1*00(839,4)	IGHD1-26*00(40),IGHD2-15*00(39),IGHD3-22*00(35)	IGHJ3*00(95)		209|535|557|0|326|SA291GSG310ASC324TSC329GST330ASG332CST334CSC338TSA394GSC396TSC462TST480CST490ASG491ASA499GSG507T|1374.0,	"33|41|60|333|341||40.0,;55|66|93|333|344|SC60A|39.0,;56|63|93|334|341||35.0,"	22|70|70|345|393|ST29CSA33TST63NST65NSA68NSG69N|160.0,		CAGGTGCAGCTGGTGCAATCTGGGTCTGAGTTGAAGAAGCCTGGGGCCTCGGTGAAGGTTTCCTGCAAGACTTCT	17	GGATACACTTTCAGAACCCATGTT	18	ATGAATTGGGTGCGACAGGCCCCTGGACAAGGGCTTGAGTGGATGGGATGG	16	ATCGATACCAACACTGGGAACCCA	24	ACGTATGCCCAGGGCTTCACAGGACGGTTTGTCTTCTCCTTGGACACTTCTGTCAGCACGGCATACCTGCAGATCAACAGCCTAGAGGCTGATGACACTGCCGTGTATTAC	18	TGTGCGAGACCCGTGCCTACTACGGAGAATGCTTTCGATTTCTGG	11	GGCCAAGGGACAATGGTCACCGTCNCNTCNN	0	QVQLVQSGSELKKPGASVKVSCKTS	GYTFRTHV	MNWVRQAPGQGLEWMGW	IDTNTGNP	TYAQGFTGRFVFSLDTSVSTAYLQINSLEADDTAVYY	CARPVPTTENAFDFW	GQGTMVTVXS_	:::21:32:107:131:182:206:317:-2:326:333:-13:1:341:345:-2:362:393::,:::::::::::::::::::::
5	368.0	0.00819015401050476	GTTCACAGGGGTCCTGTCCCAGCTGCAGCTGCAGGAGTCGGGCCCAGGACTGGTGAAGCCTTCGGAGACCCTGTCCCTCACCTGCACTGTCTCTGGTGGCTCCATCAGCAGTAGTAGTTACTACTGGGGCTGGATCCGCCAGCCCCCAGGGAAGGGGCTGGAGTGGATTGGGAGTATCTATTATAGTGGGAGCACCTACTACAACCCGTCCCTCAAGAGTCGAGTCACCATATCCGTAGACACGTCCAAGAACCAGTTCTCCCTGAAGCTGAGCTCTGTGACCGCCGCAGACACGGCTGTGTATTACTGTGCGAGACAGGCCCAAAAATTACGATATTTTGACTGCCCAGGTGCTACGTCTGGGGCAAAGGGACCACGGTCACCGTCTCTTATAC	[[[[[[[[[[[[[[[[[[[[[[[([[[[[[[[[[[[[[[[[[[[[[[[[[[[[.[[[.[[[2[[1[[[[[[[[[[[[[3[/[[[[[[[[[[[[[[[[[[[[[[[[[[[+[00[[0[00[[0[-0[000,-[[[01-,[,,[0..,4.[,,,*5[-[0--[0-+000[-0-010,0-.111.1[111[..,5.1[.11+-.,[11[11[11/[[[[[[[[5[[5[[[5[[6[62366/467[01365/[2[7-[24017[/[[[33[0*[0[226[26[[4[[[7[[[[[[[[3[[[[[[3[[[[[[[,,,,,,,,,,,,,,,,,,,,,,,,,,,,,,,,,,,,,,,,,,,,,,,,,,,,,,,,[[[6[[2[[5[[[[1[[[[-,[[[HHHHHHFF	IGHV4-39*00(884,5)	IGHD3-9*00(90)	IGHJ6*00(87,4)		221|539|559|0|318||1590.0	33|51|93|327|345||90.0	44|83|83|355|393|SC55ADC77SC80TSG82T|121.0		CAGCTGCAGCTGCAGGAGTCGGGCCCAGGACTGGTGAAGCCTTCGGAGACCCTGTCCCTCACCTGCACTGTCTCT	7	GGTGGCTCCATCAGCAGTAGTAGTTACTAC	10	TGGGGCTGGATCCGCCAGCCCCCAGGGAAGGGGCTGGAGTGGATTGGGAGT	9	ATCTATTATAGTGGGAGCACC	11	TACTACAACCCGTCCCTCAAGAGTCGAGTCACCATATCCGTAGACACGTCCAAGAACCAGTTCTCCCTGAAGCTGAGCTCTGTGACCGCCGCAGACACGGCTGTGTATTAC	9	TGTGCGAGACAGGCCCAAAAATTACGATATTTTGACTGCCCAGGTGCTACGTCTGG	11	GGCAAAGGGACCACGGTCACCGTCTCTTAT	11	QLQLQESGPGLVKPSETLSLTCTVS	GGSISSSSYY	WGWIRQPPGKGLEWIGS	IYYSGST	YYNPSLKSRVTISVDTSKNQFSLKLSSVTAADTAVYY	CARQAQKLR_F*LPRCYVW	GKGTTVTVSY	:::8:19:94:124:175:196:307:0:318:327:-2:-11:345:355:-24:363:393::
6	40.0	8.962179602079225E-4	GTCAGGTGCANCTNGTGGAGTCTGGGGGAGGCGTGGTCCAGCCTGGGAGGTCCCTGAGACTCTCCTGTGTTGCGTCTGGANTCGTCTTCAGTAACTCTGGCATGCACTGGGTCCGCCAGGCTCCAGGCAAGGGGCTGGAGTGGGTGGCAGTTACATGGTATGATGGACTTAATAAATATTATGCAGACTCCGTGAAGGGCCGATTCACCATCTCCAGAGACAATTCCAAAAACACGCTGTATTTGCAAATGAACAGCCTGAGAGCCGAGGACACGGCTGTGTATTACTGTGCGAGAGATTCCGCGTGCTTAAGTGGCTGTCTGGGGGACCACGGTATGGACGTCTGGGGCCAAGGGACCACGGTCACCGTCNNNT,ANANNNNNCNCNGNNNNCACGAGACC	ABBBAFFFFF![[![[[[[[[[([[[[[[['[[([[[[[[[[[[[[[[[[[[[[[[[([[[[[[[[[[[[[[[[[[[[[[![[[[[[[[[[[[[[[[[[[[[[[[[[[[[[[[[[[[[[[[[[[[[[[[[[[[[[[[[[[.[[[[[[[/[[[[[[[[[[[[[[[[[/[[[[[[[[[/[/[[[[/[[[[/[[[[[[[[[[[[[.[[[[[[[[[//[[[[[6[101121.,..1011.1111[1.11111[1[.[[1[[[[[[[[[[[[[[[[[[1[[[[[[[[[[[[[------------------------------------------------------------[[[[[[[[(3[[''/[[.[,([[[!!![,[![!!!!![![![!!!![HGGGGGGG	IGHV3-33*00(760,8)	IGHD6-19*00(40),IGHD5-12*00(35),IGHD5-18*00(35)	IGHJ6*00(153,1)		256|555|574|0|299|SG266NSG269NSC325TSA326TST336NSA339GSC340TSG349ASA352CST409CSA423CSG424TSC434TSG485ASC498T|1267.0,	"30|38|63|311|319||40.0,;31|38|69|311|318||35.0,;31|38|69|311|318||35.0,"	35|80|83|330|375|ST76NSC77NSC78N|189.0,		CAGGTGCANCTNGTGGAGTCTGGGGGAGGCGTGGTCCAGCCTGGGAGGTCCCTGAGACTCTCCTGTGTTGCGTCT	0	GGANTCGTCTTCAGTAACTCTGGC	0	ATGCACTGGGTCCGCCAGGCTCCAGGCAAGGGGCTGGAGTGGGTGGCAGTT	13	ACATGGTATGATGGACTTAATAAA	14	TATTATGCAGACTCCGTGAAGGGCCGATTCACCATCTCCAGAGACAATTCCAAAAACACGCTGTATTTGCAAATGAACAGCCTGAGAGCCGAGGACACGGCTGTGTATTAC	11	TGTGCGAGAGATTCCGCGTGCTTAAGTGGCTGTCTGGGGGACCACGGTATGGACGTCTGG	12	region_not_covered	region_not_covered	QVXLVESGGGVVQPGRSLRLSCVAS	GXVFSNSG	MHWVRQAPGKGLEWVAV	TWYDGLNK	YYADSVKGRFTISRDNSKNTLYLQMNSLRAEDTAVYY	CARDSACLSGCLGDHGMDVW	region_not_covered	::::2:77:101:152:176:287:1:299:311:-9:-4:319:330:-15:347:::,:::::::::::::::::::::
7	37.0	8.290016131923284E-4	GCTGCAGGAGTCGGGCCCAGGACTGGTGAAGCCTTCGGAGACCCTGTCCCTCACNTGCNCTGNCTCNGGTNNCTCCATCAGCAGTNGNNGTTACTACTGGGGCTGGATCCGNCAGCCCCCAGGGAAGGGGCTGGAGTGGATTGGGAGTATCTATCATAGTGGGAGCACCTACTACAACCCGTCCCTCAAGAGTCGAGTCACCATATCAGTAGACACGTCCAAGAACCACTTCTCCCTGAAGCTGACCTCTGTGACCGCCGCAGACACGGCCGTGTATTACTGTGCGAGAGAGGGGAGCCACTATTGTAGTAGTACCAACTGCCATGGTCCGGGTGACTACTACTACTACATGGACGTCTGGGGCGAAGGGACCACGGTCANCGTC	A?>>ACFFA1B>11WP[[PQ[[[[[[W[[[[[[[[W[[[U[[[[W[[[[X[WWV![[[![[[![[[![[[!!*[)[))[[*[[[(![!![[[[+[[[[[[[[[[[[[[[[[![[[[[[[[[[[[[[[[[[[[[[[[[[[[[[[[[-[[[[[[[[)[[[[.[[.[[[[[[[[[[[[[[[[[[[[[[[[.[[[[[[[[[[[[[[[/[[[,[[[[[[[[[[[[[[[[3[[0[[.[[[[[[[[2[[[[2[[[[.[[[.[[[[[[[[[[[[[[[[[[[[[[[[/[---------------------------------------------------------------------------------[[[([[[[)[[[([[[[[[![[[[	IGHV4-39*00(491,8)	IGHD2-2*00(93)	IGHJ6*00(126,2)		248|537|559|0|289|SC302NSA306NST310NST314NSG318NSG319NSA333NST335NSA336NSC359NST402CSC455ASG476CSG493CST518C|1245.0	35|60|93|301|326|SG51AST56C|93.0	26|76|83|335|385|SG37TSG38AST39CSC55GSC71N|174.0		region_not_covered	region_not_covered	GGTNNCTCCATCAGCAGTNGNNGTTACTAC	0	TGGGGCTGGATCCGNCAGCCCCCAGGGAAGGGGCTGGAGTGGATTGGGAGT	0	ATCTATCATAGTGGGAGCACC	8	TACTACAACCCGTCCCTCAAGAGTCGAGTCACCATATCAGTAGACACGTCCAAGAACCACTTCTCCCTGAAGCTGACCTCTGTGACCGCCGCAGACACGGCCGTGTATTAC	11	TGTGCGAGAGAGGGGAGCCACTATTGTAGTAGTACCAACTGCCATGGTCCGGGTGACTACTACTACTACATGGACGTCTGG	12	region_not_covered	region_not_covered	region_not_covered	GXSISSXXYY	WGWIRQPPGKGLEWIGS	IYHSGST	YYNPSLKSRVTISVDTSKNHFSLKLTSVTAADTAVYY	CAREGSHYCSSTNCHGPGDYYYYMDVW	region_not_covered	:::::67:97:148:169:280:-2:289:301:-4:-2:326:335:-6:361:::
8	35.0	7.841907151819323E-4	CACCTGCGCTGTCTCTGGTNGNTACNNCANCAGNAGTNGTTACTACTGGGGCTGGATCCGNCAGCCCCCAGGGAAGGGGCTGGAGTGGATTGGGAGTATCTATCATACTGGGAGCACCTACTACAACCCCTCCCTCAAGAGTCGAGTCACCATATCAGTAGACACGTCCAAGAACCAGTTCTCCCTGAAGCTGAGCTCTGTGACCGCCGCAGACACGGCCGTGTATTACTGTGCGCGAGAGGGGAGCCACTATTGTAGTAGTATCAACTGCCATGGTCCGGGTGACTACTACTACTACATGGACGTCTGGGGCAAAGGGACCACGGTCACCGTCCTGTC	111AAFFD>>D>GDFAF[[!(![+(!!((![[[!)((![([(([[[[((((([))[))[)![[[[[[[[[[[[.[[[[[[++[[[[[[[/[[[+[[/0[[[[[([[[([[[[[[[[[[[[[[[[[[[[[-[[[[[[[[[-[[[[-[[[[[[[[[[[*[[[[[[[[[[[[[[[[[[/[/[[[/[[[+/[0[[2[[[3[22/0[3[[[[[[[[[[[[[[[[[[[[[[[[[[.................................................................................[[[0[[[[)[[[([+[[[[[[(X[HHHHH	IGHV4-39*00(449,3)	IGHD2-2*00(77)	IGHJ6*00(136,9)		300|534|559|0|235|I300CSA306GSG318NSC320NSC322ASA324NST325NSG328NST332NSA336NSC359NST402CSG406CSG428CSC455AST518C|941.0	35|60|93|250|275|SC48TSG51AST56C|77.0	26|81|83|284|339|SG37TSG38AST39CSC55AST76CSC77TSC78G|163.0		region_not_covered	region_not_covered	GGTNGNTACNNCANCAGNAGTNGTTACTAC	0	TGGGGCTGGATCCGNCAGCCCCCAGGGAAGGGGCTGGAGTGGATTGGGAGT	0	ATCTATCATACTGGGAGCACC	7	TACTACAACCCCTCCCTCAAGAGTCGAGTCACCATATCAGTAGACACGTCCAAGAACCAGTTCTCCCTGAAGCTGAGCTCTGTGACCGCCGCAGACACGGCCGTGTATTAC	9	TGTGCGCGAGAGGGGAGCCACTATTGTAGTAGTATCAACTGCCATGGTCCGGGTGACTACTACTACTACATGGACGTCTGG	13	region_not_covered	region_not_covered	region_not_covered	GXYXXXSXYY	WGWIRQPPGKGLEWIGS	IYHTGST	YYNPSLKSRVTISVDTSKNQFSLKLSSVTAADTAVYY	CAREGSHYCSSINCHGPGDYYYYMDVW	region_not_covered	:::::16:46:97:118:229:-5:235:250:-4:-2:275:284:-6:310:::
9	34.0	7.617852661767341E-4	CAGGTGTCCAGTGTGAGGTTCAGCTGGTGGAGTCTGGGGGAGGCTTGGTAAAGCCGGGGGGGTCCCTTAGACTCTCCTGTGCAGCCTCTGGATTCACATTCAGTAACGCCTGGATGAACTGGGTCCGCCAGGCTCCAGGGAAGGGACTGGAGTGGGTTGGCCGTATTAGAAGCAAATCTGATGGTGGGACAAGAGACTACGCTGCACCCGTGAAAGGCAGATTCACCATCTCAAGAGATGATTCAAAAAACACGCTGTATCTGCAAATGAACAGCCTGAAAACCGAGGACACAGCCGTGTATTACTGCACCACGCCCAGGTATAGCAGCAGGGAGTATTATTACTACGGTATGGACGTCTGGGGCCANGGNACCNCGGTCACCGTC	ABBBA[[[[[*[[*[[[[[[[[[[[[[[[[[[[[[[[[[[[[[[[[[[[[[[[[[[[[[[[[[[[[[[[[[[[[[[[[[[[[[[[[[[[[[[[[[[[[[[[[[[[[[[[[[[[[[[[[[[[[[[[[[[[[[[[[0[[[[[[[[[[[[.[[[[[[[[[[[[[[[[[[[[[[[[[[[[[[[[.[[[([[[+[[[[[[[[[[[[[[[[[[[[[[[[[[[[[[[[[[[[[[[[[[[-[[[[1[[1.[[[[[[[[0[[[[[[[[[[[[[[[[[[[[[[[[[[[[[[[[[[[[[[[5[[[[[[[[[[[[[[((((((((((((((((((((((((((((((((((((((((((((((((((((((((([[[[+![[![,[!'-[[+[[[[[[	IGHV3-15*00(965,7)	IGHD6-13*00(69),IGHD6-25*00(59)	IGHJ6*00(153,7)		246|559|582|0|313|SG265TST301GST343ASG363ASG391ASA414GSA422TSC438GST553C|1421.0	"18|35|63|314|331|SG21A|69.0;15|30|54|314|329|SG18A|59.0"	31|76|83|341|386|SA57NSG60NSA64N|189.0		GAGGTTCAGCTGGTGGAGTCTGGGGGAGGCTTGGTAAAGCCGGGGGGGTCCCTTAGACTCTCCTGTGCAGCCTCT	58	GGATTCACATTCAGTAACGCCTGG	58	ATGAACTGGGTCCGCCAGGCTCCAGGGAAGGGACTGGAGTGGGTTGGCCGT	13	ATTAGAAGCAAATCTGATGGTGGGACAAGA	7	GACTACGCTGCACCCGTGAAAGGCAGATTCACCATCTCAAGAGATGATTCAAAAAACACGCTGTATCTGCAAATGAACAGCCTGAAAACCGAGGACACAGCCGTGTATTAC	12	TGCACCACGCCCAGGTATAGCAGCAGGGAGTATTATTACTACGGTATGGACGTCTGG	7	region_not_covered	region_not_covered	EVQLVESGGGLVKPGGSLRLSCAAS	GFTFSNAW	MNWVRQAPGKGLEWVGR	IRSKSDGGTR	DYAAPVKGRFTISRDDSKNTLYLQMNSLKTEDTAVYY	CTTPRYSSREYYYYGMDVW	region_not_covered	:::3:14:89:113:164:194:305:-3:313:314:3:-7:331:341:-11:362:::
10	29.0	6.497580211507439E-4	CTCCACAGGTGCCCACTCCCAGGTGCAGCTGGTGCAGTCTGGGGCTGAGGTGAAGAAGCCTGGGGCCTCAGTGAAGGTCTCCTGCAAGGCTTCTGGATACACCTTCACCGACTACTATATGCACTGGGTGCGACAGGCCCCTGGACAAGGGCTTGAGTGGATGGGACGGATCAACCCTAACAGTGCTGGCACAAACTATGCACAGAAGTTTCAGGGCAGGGTCACCATGACCAGGGACACGTCCATCAGCACAATCTACATAGAGCTGAGCAAGGTGAGATCTGACGACACGGCCGTTTATTACTGTGCGAGAGGGGCAGCAGTGGCCACCGACTACTACTACTACGGCATGGACGTCTGGGGCCAAGGGACCACGGTCACCGTNTNCNNATNNNNNNCTNCNGAC	[[[[[[[[[[[[[[[([[([[[[[[[[[[[[[[[[[[[[[[[[[[[[[[[[[[[[[[[[[[[[[[[[[[[['[[*[[[[[[[[[[[-[[[[[[[[[[[[[[[[[[[[[[[[[[[[[[[[[[[,[[[[[[[[[[[[[0[[[[[[[[[[[[[[[[[[[1[[[[[[[[[[[[[[[[[[[1[[[[[[[[1[[[[[[[[-[[[[[[[[[[[[[[[[[-[[[-[[[[[-[.[.[[..[////[,[,[[,,[[,[/,[/[,//,[[[[[[[[[[[[[[[[[[[[[[[[[[[[[[[[[[[[[[[[[[[/[[[333333333333333333333333333333333333333333333333333333333[[[[[[[[([[[',[,[***['[![![!![[!!!!!![V![!GGG	IGHV1-2*00(765,1)	IGHD6-19*00(45)	IGHJ6*00(191,9)		223|537|558|0|314|SA232TSG333AST389CSG408CST440ASG476ASC477TSG484ASG495ASC497GSG520T|1394.0	27|36|63|318|327||45.0	23|83|83|332|392|ST39CSC75NSC77NST79NSC80NSG82T|220.0		CAGGTGCAGCTGGTGCAGTCTGGGGCTGAGGTGAAGAAGCCTGGGGCCTCAGTGAAGGTCTCCTGCAAGGCTTCT	6	GGATACACCTTCACCGACTACTAT	58	ATGCACTGGGTGCGACAGGCCCCTGGACAAGGGCTTGAGTGGATGGGACGG	11	ATCAACCCTAACAGTGCTGGCACA	16	AACTATGCACAGAAGTTTCAGGGCAGGGTCACCATGACCAGGGACACGTCCATCAGCACAATCTACATAGAGCTGAGCAAGGTGAGATCTGACGACACGGCCGTTTATTAC	11	TGTGCGAGAGGGGCAGCAGTGGCCACCGACTACTACTACTACGGCATGGACGTCTGG	18	GGCCAAGGGACCACGGTCACCGTNTNCNNAT	0	QVQLVQSGAEVKKPGASVKVSCKAS	GYTFTDYY	MHWVRQAPGQGLEWMGR	INPNSAGT	NYAQKFQGRVTMTRDTSISTIYIELSKVRSDDTAVYY	CARGAAVATDYYYYGMDVW	GQGTTVTVXX_	:::8:19:94:118:169:193:304:-1:314:318:-6:-6:327:332:-3:361:392::
11	27.0	6.049471231403477E-4	CAGGTGTCCAGTGTGAAGTNCAGCTGTTGGAGTCTGGGGGAGGCTTGGCACAGCCTGGGGGGTCCCTGAGACTCTCCTGTGCAGCCTCTGGATTCACCTTTAGCAGCAATGCCATGACCTGGGTCCGCCAGGCTCCAGGGAAGGGGCTGGTGTGGGTCTCAGGTATTAGTGGAAGTGATGGTAGCACATACTACGCAGACTCCGTGAAGGGCCGGTTCACCATCTCCAGAGACAATTCCAAGAACACGTTGTATCTGCAAATGAACAGCCTGAGAGCCGAGGACACGGCCGTATATTACTGTGCGAAAGAGGCAGGGTATAGCAGTGACTGGCTAAATGGGTACTACTACTACAGTATGGACGTCTGGGGCCAAGGNACCNNGGTCNCCGTC	[[[[[[[[[[[[[[[[[[[![[[[[[[[[[[[[[)[[[[[[[[[[[[[[[[[[[[[[[[[[[[[/[[[['[[[[[[[[[[[[[[[,[[[[[[[[[[[[[[-,,,[,,,[[[-[[[[**[[[[[[[[[[[[[-[[[-[[[-[[[[[[[[[[[[[[[[[[[[[[[[[[[[[[[[[[[[[[[[[[[[[[[[[[[[[[[[[[[[[[[[[[[,[[[[[[[[[[[[[[[[[[[[[[[[[[.[[[[[[[*3[[[[[[[[[[[[[[[[[[[[[/[[[[[[[[[[[[[[[[[[[[[[[[[[[[[[[[[/////////////////////////////////////////////////////////////////////[[[[[[[[![-[!![[[[![[[[U	IGHV3-23*00(847,6)	IGHD6-19*00(74)	IGHJ6*00(170,9)		246|556|576|0|310|SG262ASG265NST294CST353ASG363CSA396TSC408GST418ASG423ASC494T|1394.0	21|39|63|314|332|SG34A|74.0	25|76|83|341|392|SG37ASG60NSA64NSC65NSA70N|191.0		GAAGTNCAGCTGTTGGAGTCTGGGGGAGGCTTGGCACAGCCTGGGGGGTCCCTGAGACTCTCCTGTGCAGCCTCT	0	GGATTCACCTTTAGCAGCAATGCC	11	ATGACCTGGGTCCGCCAGGCTCCAGGGAAGGGGCTGGTGTGGGTCTCAGGT	9	ATTAGTGGAAGTGATGGTAGCACA	58	TACTACGCAGACTCCGTGAAGGGCCGGTTCACCATCTCCAGAGACAATTCCAAGAACACGTTGTATCTGCAAATGAACAGCCTGAGAGCCGAGGACACGGCCGTATATTAC	9	TGTGCGAAAGAGGCAGGGTATAGCAGTGACTGGCTAAATGGGTACTACTACTACAGTATGGACGTCTGG	14	region_not_covered	region_not_covered	EVQLLESGGGLAQPGGSLRLSCAAS	GFTFSSNA	MTWVRQAPGKGLVWVSG	ISGSDGST	YYADSVKGRFTISRDNSKNTLYLQMNSLRAEDTAVYY	CAKEAGYSSDWLNGYYYYSMDVW	region_not_covered	:::3:14:89:113:164:188:299:0:310:314:0:-3:332:341:-5:368:::
12	23.0	5.153253271195555E-4	GGTGTCCTGTCACAGGTACAGCTGCAGCAGTCAGGTCCAGGACTGGTGAAGCCCTCGCAGACCCTCTCACTCACCTGTGCCATCTCCGGGGACAGTGTCTCTAGCAACAGTGCTGCTTGGAACTGGATCAGGCAGTCCCCATCGAGAGGCCTTGAGTGGCTGGGAAGGACATACTACAGGTCCAAGTGGTATAATGATTATGCAGTATCTGTGAAAAGTCGAATAACCATCAACCCAGACACATCCAAGAACCAGTTCTCCCTGCAGCTGAACTCTGTGACTCCCGAGGACACGGCTGTGTATTACTGTGCAAGAGGGCCCCCCCCTCTTAGTGGGAGCTACCCCACGGTCGGATACTGGTACTTCAATCTCTGGGGCCGTGGAACCCTGGTCNCNNTATACACATCTGACGC	BCCCCFFF[[[[[[[[[[[[[[[[[[[[[[[[[[[[[[[[[[[[[[[[[[[[[[[[[[[[[[[[[[[[[[[[[[[[[[[[[[[[[[[[[[[[[[[[[[[[[[[[[[[[[[[[[[[[[[[[[[[[[[[[[[[[[[[[[[[[[[[[[[[[[[[[[[[[[[[[[[[[[[[[[[[[[[[[[[[/[[[[[[[[[[[[[[[[[[[[[[[[[[[[[+[[[[[[[[[[[[[[[[[[[[[[[,[[[../..[.....[.3..[[.....+[[[[[+.[[[[.[[[[[[[[[[[[[[[[.[[[[[[[[[[[[[[[[/////////////////////////////////////////////////////////////////////[[[[[[[[),,[[['['[![!![HHGHHHHHHHHGHGG	IGHV6-1*00(870,1)	IGHD1-26*00(65)	IGHJ2*00(127,9)		231|547|568|0|316||1580.0	24|37|60|329|342||65.0	21|73|73|354|406|SG33ASC50ASA60NST62NSG63NSC65ASC67AST69ASG72T|128.0		CAGGTACAGCTGCAGCAGTCAGGTCCAGGACTGGTGAAGCCCTCGCAGACCCTCTCACTCACCTGTGCCATCTCC	58	GGGGACAGTGTCTCTAGCAACAGTGCTGCT	58	TGGAACTGGATCAGGCAGTCCCCATCGAGAGGCCTTGAGTGGCTGGGAAGG	58	ACATACTACAGGTCCAAGTGGTATAAT	14	GATTATGCAGTATCTGTGAAAAGTCGAATAACCATCAACCCAGACACATCCAAGAACCAGTTCTCCCTGCAGCTGAACTCTGTGACTCCCGAGGACACGGCTGTGTATTAC	10	TGTGCAAGAGGGCCCCCCCCTCTTAGTGGGAGCTACCCCACGGTCGGATACTGGTACTTCAATCTCTGG	14	GGCCGTGGAACCCTGGTCNCNNTATACACAT	0	QVQLQQSGPGLVKPSQTLSLTCAIS	GDSVSSNSAA	WNWIRQSPSRGLEWLGR	TYYRSKWYN	DYAVSVKSRITINPDTSKNQFSLQLNSVTPEDTAVYY	CARGPPPLSGSYPTVGYWYFNLW	GRGTLVXXYT_	:::1:12:87:117:168:195:306:-1:316:329:-4:-3:342:354:-1:375:406::
13	19.0	4.257035310987632E-4	GGTGTCCAGTGTGAGGTGGAGTTGTTGGAGTCTGGGGGAGGCTTGGTACAGCCTGGGGGGTCCCTGAGACTCTCCTGTGCAGCCTCTGGATTCACCTTTAGCGGCCATGCCATGAGCTGGGTCCGCCAGGCTCCAGGGAAGGGGCTGGAGTGGGTCTCAAGCATTACTAGTAGTGGTACTGGCACATATTACGCAGAGTCCGTGAAGGGCCGGTTCACCATCTCCAGAGACAATCCCAAGAAATCGCTGGATCTACAAATGAACAGCCTGAGAGGCGAGGACACGGCCATATATTACTGTGCGAGATATCACGCTGGTAGTGGGGCCTACCTCCTTGACTACTGGGGCCAGGGNACCCTGGTCACCGTC	>?>[[[[[[[[[[[[[[[[[[[[[[[[[[[[[[[[[[[[[[[[[[[[[[[[[[[[[[[[[[[[[[[[[[[[[[[[[[[[[[[[[[[[[[[[[[[[[[[[[[[[[[[[[[[[[[[[[[[[[[[[[[[[[[[[[[[[[[[[1[[[[[[[[[[0[[[[[[--[[[[[[[[[[[[[[[[[[[[[[[[[[[[[[[[[[[[[[[[[[[[[[[[[[[[[[[[[[[[-[[[[-[[[[[[[[[[[[[[[[[[[[[[[[[[[[[[[[[[[[[[[[[[[[[[[[[[[[[[[[[[[[[[[[[[[-[[[[[[[[[[[[[[[[[[[[[[[[[[[[[[[[[[[[[[[[[[[[[[[[[[[[[[[[[[[[![,[)'[[[([[[[[B	IGHV3-23*00(833,7)	IGHD2-15*00(35),IGHD3-22*00(35),IGHD6-13*00(35)	IGHJ4*00(112,6)		248|552|576|0|304|SC266GSC269TSA350GST353CI406ADT409SG414CSG416ASG425ASG426CSA428GSC436TSC445GST482CSC490ASA491TST497GSG502ASC522GSG536A|1185.0	"39|46|93|316|323||35.0;45|52|93|316|323||35.0;34|41|63|312|319||35.0"	26|61|68|334|369|SA45N|163.0		GAGGTGGAGTTGTTGGAGTCTGGGGGAGGCTTGGTACAGCCTGGGGGGTCCCTGAGACTCTCCTGTGCAGCCTCT	58	GGATTCACCTTTAGCGGCCATGCC	58	ATGAGCTGGGTCCGCCAGGCTCCAGGGAAGGGGCTGGAGTGGGTCTCAAGC	12	ATTACTAGTAGTGGTACTGGCACA	58	TATTACGCAGAGTCCGTGAAGGGCCGGTTCACCATCTCCAGAGACAATCCCAAGAAATCGCTGGATCTACAAATGAACAGCCTGAGAGGCGAGGACACGGCCATATATTAC	12	TGTGCGAGATATCACGCTGGTAGTGGGGCCTACCTCCTTGACTACTGG	58	region_not_covered	region_not_covered	EVELLESGGGLVQPGGSLRLSCAAS	GFTFSGHA	MSWVRQAPGKGLEWVSS	ITSSGTGT	YYAESVKGRFTISRDNPKKSLDLQMNSLRGEDTAIYY	CARYHAGSGAYLLDYW	region_not_covered	:::1:12:87:111:162:186:297:-4:304:316:-8:-16:323:334:-6:345:::
14	19.0	4.257035310987632E-4	GTGTGAGGTGCAGCTGTTGGAGTCTGGGGGAGGCTTGGTACAGCCTGGGGGGTCCCTGAGACTCTCCTGTGCAGCCTCTGGACTCAGCTTTAGTAGCTATGCCATGAGCTGGGTCCGCCAGGCTCCAGGGAAGGGGCTGGAGTGGNTCTCAACTATTANTNNTAGTGATGGTAGGACATTCTANGCAGACTCCGTGAAGGGCCGGTTCACCATCTCCAGAGACAATTCCAAGGACACGTTGTATCTGCAAATGAACAGCCTGAGAGCCGAGGACACGGCCGTATATTATTGTGCGAAAAGTTTAATAGCAGTGGCTGGTACGGGGGCCTTTGACTACTGGGGCCAGGGAACCCNGGTCANCGTC	AAABBFFFCAFFG[[[[[[[[[[[[[[[[[[[([(([[(([[[[[[[[['[[([[[[[[([[[[[[[[[[[[[[[([[[[[[([[[([[[((([[(([[[[([[[[(([[[[[[[[[[[[[[[[[[[[[[[[[[[[[[[[[[[[[![[[[[[[*[([[![!![+[[[[[[[[[[[[[[[[[[[![[[[[[[[[[[[[[[[[[[[[[[[[[[[[[[[[[[[[[[[[[[[[[[[[[[[[[[[[[[[[[[[+[[[[[[[[[[[[[[[[[[[[[[[[[+[[+[+[[[[[[[[[[[[[[[[[[[[[[[[[[[[[[[[[[[[[[[[[[[[[[[[[[[[[[[[[[[[[[[[[[[['-[,(![[[[[![[[[	IGHV3-23*00(476,1)	IGHD6-19*00(90)	IGHJ4*00(135,8)		256|554|576|0|298|ST338CSC342GSC349TSG401NSG407ASG414NSG416NSG417NSG423ASC430GSA435TSC439NSA488GSC494TSC544T|1270.0	25|43|63|304|322||90.0	24|61|68|327|364|ST50NSC56N|161.0		GAGGTGCAGCTGTTGGAGTCTGGGGGAGGCTTGGTACAGCCTGGGGGGTCCCTGAGACTCTCCTGTGCAGCCTCT	6	GGACTCAGCTTTAGTAGCTATGCC	7	ATGAGCTGGGTCCGCCAGGCTCCAGGGAAGGGGCTGGAGTGGNTCTCAACT	0	ATTANTNNTAGTGATGGTAGGACA	0	TTCTANGCAGACTCCGTGAAGGGCCGGTTCACCATCTCCAGAGACAATTCCAAGGACACGTTGTATCTGCAAATGAACAGCCTGAGAGCCGAGGACACGGCCGTATATTAT	0	TGTGCGAAAAGTTTAATAGCAGTGGCTGGTACGGGGGCCTTTGACTACTGG	58	region_not_covered	region_not_covered	EVQLLESGGGLVQPGGSLRLSCAAS	GLSFSSYA	MSWVRQAPGKGLEWXST	IXXSDGRT	FXADSVKGRFTISRDNSKDTLYLQMNSLRAEDTAVYY	CAKSLIAVAGTGAFDYW	region_not_covered	::::4:79:103:154:178:289:-2:298:304:-4:1:322:327:-4:340:::
15	17.0	3.808926330883671E-4	GTCCAGTGTCAGGTGCAGCTGGTGGAGTCTGGGGGAGGCGTGGTCCAGCCTGGGAGGTCCCAGAGACTCTCCTGTGCAGCCTCTGGATTCACCTTCAGTAACTATGCCATACACTGGGTCCGCCAGGCTCCAGGCAAGGGGCTGGAGTGGGTGGCAGTTTTCTCATATGATGGAACTCATAAATACTATGCAGACTCCGTGAAGGGCCGATTTACCATCTCCAGAGACAATTCCAAGAACACGGTGTTTCTGCAAATGAACAGCCTGAGAGCTGAGGACACGGCTGTGTATTACTGTGCGAAAGGCGCCGTGGCATGGGTGGTAGCTGGTACTCCGTTTGACTACTGGGGCCAGGGAACCCTGGTNACCG	[[[[[[[[[[[[[[[[[[[[[[[[[[[[[[[[[[[[[[[[[[[[[[[[[[[[[[[[[[[[[*[))[[[[[[[[[[[[[[[[[[[[[[[[[[[[[[[++[[-+[[[[+[[[[[[[[[[.[[[[[[[[[[[[[+[[[[[[[[[[[[[[[[[[[[[[[[[*[[[[+[[[[[[[[[[[[[[[[[[[[[[[[[[[[[[[[[[[[[[[[[[[[[[[[[[[[[[[[[[[[[0[[[[[[[[[[[[[[[[[[[[[[[[[[[[[[[[[[[[[[[[[[[[[[[[[[[[[[[[[[[[[[[[[[[[[[[[[[[[[[[[[[[[[[[[[[[[[[[[[[[[[[[[[[[[[[[[[[[[[[[[[[[[[[[[-[[([[,[[[[[![[[A	IGHV3-30*00(902,1)	IGHD2-15*00(79)	IGHJ4*00(116,6)		249|553|574|0|304|ST310ASG349ASG355CSG359ASA408TSA410CSG424CSA426CSC461TSC492GSA496T|1344.0	44|63|93|317|336|SC55G|79.0	25|59|68|336|370|SC54N|158.0		CAGGTGCAGCTGGTGGAGTCTGGGGGAGGCGTGGTCCAGCCTGGGAGGTCCCAGAGACTCTCCTGTGCAGCCTCT	8	GGATTCACCTTCAGTAACTATGCC	10	ATACACTGGGTCCGCCAGGCTCCAGGCAAGGGGCTGGAGTGGGTGGCAGTT	9	TTCTCATATGATGGAACTCATAAA	10	TACTATGCAGACTCCGTGAAGGGCCGATTTACCATCTCCAGAGACAATTCCAAGAACACGGTGTTTCTGCAAATGAACAGCCTGAGAGCTGAGGACACGGCTGTGTATTAC	15	TGTGCGAAAGGCGCCGTGGCATGGGTGGTAGCTGGTACTCCGTTTGACTACTGG	58	region_not_covered	region_not_covered	QVQLVESGGGVVQPGRSQRLSCAAS	GFTFSNYA	IHWVRQAPGKGLEWVAV	FSYDGTHK	YYADSVKGRFTISRDNSKNTVFLQMNSLRAEDTAVYY	CAKGAVAWVVAGTPFDYW	region_not_covered	::::9:84:108:159:183:294:-1:304:317:-13:1:336:336:-5:348:::
16	15.0	3.3608173507797094E-4	GTCACAGGTACAGCTGCAGCAGTCAGGTCCAGGACTGGTGAAGCCCTCGCAGACCCTCTCACTCACCTGTGCCATCTCCGGGGACAGTGTCTCTAGCAACAGTGCTGCTTGGAACTGGATCAGGCAGTCCCCATCGAGAGGCCTTGAGTGGCTGGGAAGGACATACTACAGGTCCAAGTGGTATAATGATTATGCAGTATCTGTGAAAAGTCGAATAACCATCAACCCAGACACATCCAAGAACCAGTTCTCCCTGCAGCTGAACTCTGTGACTCCCGAGGACACGGCTGTGTATTACTGTGCAAGAGGGCCCCCCCCTCTTAGTGGGAGCTACCCCACGGTCGGATACTGGTACTTCGATCTCTGGGGCCGTGGNACCCTGGTNACNG	BCCCCF[[[[[[[[[[[[[[[[[[[[[[[[[[[[[[[[[[[[[[[[[[[[[[[[[[[[[[[[[[[[[[[[[[[[[[[[[[[[[[[[[[[[[[[[[[[[[[[[[[[[[[[[[[[[[[[[[[[[[[[[[[)[[*[[[[[[[[[[[[[[[[[[[[[[[[[[[[[[[[[[[[[[[[[[[[[[[[[[[[[[[[[[[[[[[[[[[[[[[[[[[[[[[[[[[[[[[[[[[[[[[[[[[[[[,[[,[[[[[[[[[[[[[[[[[[[[[[[[[[)[[[[[[[[[[[[[[[[[[[[[[[[[[[[[[[[[[[[[[[[[[[[[[[[[[[[[[[[[[[[[[[[[[[[[[[[[[[[[[[[[[[[[[[[[[[[[[[[[[[[[[[[[[,-[[![[[[[[[)!((!A	IGHV6-1*00(894,6)	IGHD1-26*00(65)	IGHJ2*00(164,7)		239|547|568|0|308||1540.0	24|37|60|321|334||65.0	21|64|73|346|389|SC50NSC59NST62N|179.0		CAGGTACAGCTGCAGCAGTCAGGTCCAGGACTGGTGAAGCCCTCGCAGACCCTCTCACTCACCTGTGCCATCTCC	34	GGGGACAGTGTCTCTAGCAACAGTGCTGCT	58	TGGAACTGGATCAGGCAGTCCCCATCGAGAGGCCTTGAGTGGCTGGGAAGG	8	ACATACTACAGGTCCAAGTGGTATAAT	58	GATTATGCAGTATCTGTGAAAAGTCGAATAACCATCAACCCAGACACATCCAAGAACCAGTTCTCCCTGCAGCTGAACTCTGTGACTCCCGAGGACACGGCTGTGTATTAC	8	TGTGCAAGAGGGCCCCCCCCTCTTAGTGGGAGCTACCCCACGGTCGGATACTGGTACTTCGATCTCTGG	58	region_not_covered	region_not_covered	QVQLQQSGPGLVKPSQTLSLTCAIS	GDSVSSNSAA	WNWIRQSPSRGLEWLGR	TYYRSKWYN	DYAVSVKSRITINPDTSKNQFSLQLNSVTPEDTAVYY	CARGPPPLSGSYPTVGYWYFDLW	region_not_covered	::::4:79:109:160:187:298:-1:308:321:-4:-3:334:346:-1:367:::
17	12.0	2.688653880623768E-4	GTGTGAGGTGCAGCTGTTGGAGTCTGGGGGAGGCTTGGAACAGCCGGGGGGGTCCCTGAGACTCTCCTGTGCAGCCTCTGGATTCACCTTTAGTAGTAATGCCTTGAATTGGGTCCGCCAGGCTCCAGGGAAGGGGCTGGAGTGGGTCTCAGGTATTAGTGGTAGTGGTGATAACACATACTACGCAGACTCCGTGAAGGGCCGGTTCAGCATCTCCAGAGACAATTCCAAGAACACGCTGTATCTGCAAATGAACAGCCTGCGAGCCGAGGACACGGCCGTGTATTACTGTGCGAAAGGCCGACGTAGCAGTGCCTGGTACGGGTGGAGCGAGCTTGACTACTGGGGCCAGGGAACCCTGGTCACNGTCTCTTATACACATCTCCGAGC	AAABCFFFFBFFGGGGGGGGGGHHFHHGCFGGGGHHGGHHGGHHH[[[[[[[[[[[[[[[[[[[[[[[[[[[[[[[[[[[[[[[[[[[[[[[[[[[[[[[[[[[[[[[[[[[[[[[[[[[[[[[[[[[[[[[[[[[[[[[[[[[[[[[[[[[[[[[[[[[[[[[[[[[[**[[*[[*[[[[[[[[[[[[[[[[[[[[[[[[[[[[[[[[*[[[,+[+++[[[++++[++[[[+[[[+[[[[[[[[[[[[[[[[[[[[[[[[[[[[[[[[[[[[[[[[[[[[[[[[+[[[.........................................................[[[[[[[[+[[[[[[[[[''![[[HHHHHHHHHHHHHHHHGGGG	IGHV3-23*00(707,9)	IGHD6-19*00(69)	IGHJ4*00(121,7)		256|555|576|0|299|ST294AST301GSC349TSC352TST353ASA359TSG363ASC364TSC408GSG426ASG429ASC465GSA518CSA538G|1271.0	26|43|63|306|323|SG34C|69.0	26|68|68|335|376|SC57NDC62SC65TSG67T|140.0		GAGGTGCAGCTGTTGGAGTCTGGGGGAGGCTTGGAACAGCCGGGGGGGTCCCTGAGACTCTCCTGTGCAGCCTCT	33	GGATTCACCTTTAGTAGTAATGCC	58	TTGAATTGGGTCCGCCAGGCTCCAGGGAAGGGGCTGGAGTGGGTCTCAGGT	58	ATTAGTGGTAGTGGTGATAACACA	9	TACTACGCAGACTCCGTGAAGGGCCGGTTCAGCATCTCCAGAGACAATTCCAAGAACACGCTGTATCTGCAAATGAACAGCCTGCGAGCCGAGGACACGGCCGTGTATTAC	9	TGTGCGAAAGGCCGACGTAGCAGTGCCTGGTACGGGTGGAGCGAGCTTGACTACTGG	13	GGCCAGGGAACCCTGGTCACNGTCTCTTAT	0	EVQLLESGGGLEQPGGSLRLSCAAS	GFTFSSNA	LNWVRQAPGKGLEWVSG	ISGSGDNT	YYADSVKGRFSISRDNSKNTLYLQMNSLRAEDTAVYY	CAKGRRSSAWYGWSELDYW	GQGTLVTVSY	::::4:79:103:154:178:289:-1:299:306:-5:1:323:335:-6:346:376::
18	11.0	2.4645993905717873E-4	GTGTGAGGTGCAGCTGGTGGAGTCTGGGGGAGGCTTGGTAAAGCCTNGGGGGTCCCTTAGACTCTCCTGTGCAGCCTCTGGTTTCACTTTCAGTGACGCCTGGATGAACTGGGTCCGCCAGGCTCCAGGGAAGGGGCTGGAGTGGGTCGGCCATATTAAAAGCAAAACTGATGGTGGGACAGCAGACTACGCTGCACCCGTGAAAGGCAGATTCACCATCTCAAGAGATGATTCAAAAAACATGTTGTTTCTGCAAATGAACAGCCTGAAAACCGAGGACACAGCCGTGTATTACTGTACCAGGGTAGTGGGAGCGGGCTGGGGCCAGGGAACCCTGGTCACNGTCTCCAGAGACAATTCCGAGAACACCGTGTANCTTCAGATGAAGGGCCTGAGAGTTGAAGACACGGCTGTATATTATTGTGCGAGAGTCTCCTTGG	[[[[[[[[[[[[[[[[[[[[[[[[[[[[[[[[[[[[[[[[[[[[[[![[[[[[[[[[[[[[[[[[[[[[[[[[[[[[[[[[[[[[[[[[[[[[[[[[[[[[[[[[[[[[[[[[[[[[[[[[[[[[[[[[[[[[[[[[[[[[[[[[[[[[[[[[[)[[[[[[[[[[[[[[[[[[[[[[[[[[[[[[[[[[[[[[[[[[[[[[[[[[[[[[[[[[[[[[[[[[[+[[[[[[[[[[[+[[[[[[[[[[+[[[[[[[[[[[[[[[[[[[[[[[[[[[[[[[[[[[[[[[[[[[[[[[[[[[[[[[[[[[[[[[[[[[[[[[[[[[[[[[[[[[[[[[[[[[[[[[[![X[XXX[[[[[X[VV[[[[[[[[U[[[[[[W[![[[[[[[[W[V[[[W[XX[[[XX[[[[[V[[[[[[[[[[[[[[[[ACCFEG1FFAAAF>>>>11	IGHV3-15*00(877,5)	IGHD1-26*00(50)	IGHJ5*00(71,5),IGHJ4*00(70,5)		256|558|582|0|302|SG302NSA337TSA350GSG363AST403CSG408ASA437GSC498TSC500TSA504T|1354.0	24|34|60|305|315||50.0	"36|71|71|318|353|SC60NST67ASC68G|131.0;33|37|68|318|322||20.0"		GAGGTGCAGCTGGTGGAGTCTGGGGGAGGCTTGGTAAAGCCTNGGGGGTCCCTTAGACTCTCCTGTGCAGCCTCT	0	GGTTTCACTTTCAGTGACGCCTGG	58	ATGAACTGGGTCCGCCAGGCTCCAGGGAAGGGGCTGGAGTGGGTCGGCCAT	58	ATTAAAAGCAAAACTGATGGTGGGACAGCA	8	GACTACGCTGCACCCGTGAAAGGCAGATTCACCATCTCAAGAGATGATTCAAAAAACATGTTGTTTCTGCAAATGAACAGCCTGAAAACCGAGGACACAGCCGTGTATTAC	10	TGTACCAGGGTAGTGGGAGCGGGCTGG	58	GGCCAGGGAACCCTGGTCACNGTCTCCAGAG	0	EVQLVESGGGLVKPXGSLRLSCAAS	GFTFSDAW	MNWVRQAPGKGLEWVGH	IKSKTDGGTA	DYAAPVKGRFTISRDDSKNMLFLQMNSLKTEDTAVYY	CTRVVGAGW	GQGTLVTVSR_	::::4:79:103:154:184:295:-4:302:305:-4:-6:315:318:-16:322:353::
19	8.0	1.792435920415845E-4	GTCCAGTNNNAGGTGCAACTGGTGGAGTCTGGGGGAGGCTTGGTGCAGCCTGGAGGGTCCCTGAGACTCTCCTGTGCAACCTCTGGATTCACCTTCAGTAAATATGAAATGAACTGGGTCCGCCAGGCTCCAGGGAAAGGGCTGGAGTGGGTTTCATACATTAGTAGTAGTGGTAGTACCATATACTACGTAGACTCTGTGAAGGGCCGATTCACCATCTCCAGAGACAACGCCAAGAACTCGCTCTATCTGCAAATGAACAGCCTGAGAGCCGAGGACACGGCTGTTTATTACTGTGCGAGAGATCGGACGGTGACTAGATCGGCCTGGTTCGACCCCTGGGGCCAGGGAACCCTGGTCCTGTC	AA?A1[[!!![[[([[[[[[[[[[[[[[[[[[[[[[[[[[[[[[[[[[[[[[[[[[[[[[[[[[[[[[[[[[[[[[[[[[[[[[[[[[[[[[[[[[[[[[[[[[[[[[[[[[[[[[[[[[[[[[[[[[[[[[[*[[[)[[[[[[[[[[[[[[[[[[[[[[[[[[[[[[[[[[[[[[[[[[[[[[[[[[[[[[[[[[[[[[[[[[[[[[[[[[[[[[[[[[[[[[[[[[[[[[[[[[[[[[[[[[[[[[[[[[[[[[[[[[[[[[[[[[[[[[[[[[[[[[[[[[[[[[[[[[[[[[[[[[[[[[[[[[[[[[[[[[[[[[[[[[[[[[[[[[[[[[[[[[[[[[[[[)[[[[[[[[[[HFHFHHC	IGHV3-48*00(673,5)	IGHD4-17*00(50)	IGHJ5*00(140,9)		251|558|576|0|307|SG258NST259NSG260NSG268ASA295GSG304ASG329ASG351ASC352ASA356GSG357ASC358ASG388ASA422GSC441TST481CSA493GSG496CSA522CSG538T|1227.0	21|31|48|309|319||50.0	24|64|71|326|365|DA58SC60T|158.0		NAGGTGCAACTGGTGGAGTCTGGGGGAGGCTTGGTGCAGCCTGGAGGGTCCCTGAGACTCTCCTGTGCAACCTCT	0	GGATTCACCTTCAGTAAATATGAA	58	ATGAACTGGGTCCGCCAGGCTCCAGGGAAAGGGCTGGAGTGGGTTTCATAC	8	ATTAGTAGTAGTGGTAGTACCATA	58	TACTACGTAGACTCTGTGAAGGGCCGATTCACCATCTCCAGAGACAACGCCAAGAACTCGCTCTATCTGCAAATGAACAGCCTGAGAGCCGAGGACACGGCTGTTTATTAC	58	TGTGCGAGAGATCGGACGGTGACTAGATCGGCCTGGTTCGACCCCTGG	58	region_not_covered	region_not_covered	XVQLVESGGGLVQPGGSLRLSCATS	GFTFSKYE	MNWVRQAPGKGLEWVSY	ISSSGSTI	YYVDSVKGRFTISRDNAKNSLYLQMNSLRAEDTAVYY	CARDRTVTRSAWFDPW	region_not_covered	::::9:84:108:159:183:294:2:307:309:-5:-1:319:326:-4:342:::
20	5.0	1.1202724502599032E-4	GTGTGAGGTGCAGCTGGTGGAGTCCGGGGGAGGCTTAGTTCAGCCTGGGGGGTCCCTGAGACTCTCCTGTGCAGCCTCTGGATTCACCTTCNGTAACTACTGGATGCACTGGGTCCGCCAAGCTCCAGGGAAGGGGCTGGTGTGGGTCTCACATATTAATAATGATGGGAGTAGCNCAAGCTACGCGGACTCCGTGAAGGGCCGATTCACCATCTCCAGAGACAACGCCAAGAACACGCTGCATCTGCAAATGAACGGTCTGAGAGCCGAGGACACGGCTGTGTATTACTGTGCAAGAGTTTCTATCGGCCTGGGCGATTTTTGGAGTGGTTACGTCGACTACTACTACGGTATGGACGTCTGGGGCCAAGGNACCNCGGTC	BAABBFFFCAFFGGGGGGGGGGHHFGGGGGGG[[[[[[[[[[[[[[[[[[[[[[[[[[[[[[[[[[[[[[[[[[[[[[[[[[[[[[[[[[[![[[[[[[[[[[[[[[[[[[[[[[[[[[[[[[[[[[[[[[[[[[[[[[[[[[[[[[[[[[[[[[[[[[[[[[[[[[[[[[[[[[![[[[[[[[[[[[[[[[[[[[[[[[[[[[[[[[[[[[[[[[[[[[[[[[[[[[[[[[[[[[[[[[[[[[[[[[[[[[[[[[[[[[[[[[[[[[[[[[[[[[[[[[[[[[[[[[[[[[[[[[[[[[[[[[[[[[[[[[[[[[[[[[[[[[[[[[[[[[[[[[[[[[[[[[[[[[[[[[[[[[[[[[[[[[[[[[[[[[![[[!CCBBB	IGHV3-74*00(952,6)	IGHD3-3*00(90)	IGHJ6*00(169,2)		256|555|576|0|299|SA347NSG351ASG408ASG417ASA431NST497CSA512G|1391.0	37|55|93|315|333||90.0	26|70|83|338|382|SG60NSA64N|196.0		GAGGTGCAGCTGGTGGAGTCCGGGGGAGGCTTAGTTCAGCCTGGGGGGTCCCTGAGACTCTCCTGTGCAGCCTCT	32	GGATTCACCTTCNGTAACTACTGG	0	ATGCACTGGGTCCGCCAAGCTCCAGGGAAGGGGCTGGTGTGGGTCTCACAT	58	ATTAATAATGATGGGAGTAGCNCA	0	AGCTACGCGGACTCCGTGAAGGGCCGATTCACCATCTCCAGAGACAACGCCAAGAACACGCTGCATCTGCAAATGAACGGTCTGAGAGCCGAGGACACGGCTGTGTATTAC	58	TGTGCAAGAGTTTCTATCGGCCTGGGCGATTTTTGGAGTGGTTACGTCGACTACTACTACGGTATGGACGTCTGG	58	region_not_covered	region_not_covered	EVQLVESGGGLVQPGGSLRLSCAAS	GFTFXNYW	MHWVRQAPGKGLVWVSH	INNDGSSX	SYADSVKGRFTISRDNAKNTLHLQMNGLRAEDTAVYY	CARVSIGLGDFWSGYVDYYYGMDVW	region_not_covered	::::4:79:103:154:178:289:-1:299:315:-6:-7:333:338:-6:364:::
21	4.0	8.962179602079225E-5	AGGTACAGCTGGTGCAGTCTGGAGCAGAGGTGAAAAAGCCCGGGGAGTCTCTTAAGATCTCCTGTANGGGTTCTGGATACAGCTTTACCAGCGTCTGGATCGGCTGGGTGCGCCAGATGCCCGGGAAAGGCCTGGAGTGGATGGGGATCATCTATCCTGGTGACTCTGATACCAGATACAGCCCGTCCTTCCAAGGCCAGGTCATCATCTCAGCCGACAAGTCCATCAGCACCGCCTACCTGCAGTGGAGCAGCCTGAAGGCCTCGGACACCGCCATGTATTATTGTGCGAGACGGGACTGTAGTAGTGGTGTATGCTTGGGTTACTTTGACAACTGGGGCCAGGGNACCCTGGTCANCGTC	ABABBFFFFFFFEGGGGGGGGGHHGHHHHGGHHHHHH[[[[[[[[[[[[[[[[[[[[[[[[[[[[[![[[[[[[[[[[[[[[[[[[[[[[[[[[[[[[[[[[[[[[[[[[[[[[[[[[[[[[[[[[[[[[[[[[[[[[[[[[[[[[[[[[[[[[[[[[[[[[[[[[[[[[[[[[[[[[[[[[[[[[[[[[[[[[[[[[[[[[[[[[[[[[[[[[[[[[[[[[[[[[[[[[[[[[[[[[[[[[[[[[[[[[[[[[[[[[[[[[[[[[[[[[[[[[[[[[[[[[[[[[[[[[[[[[[[[[[[[[[[[[[[[[[[[[[[[[[[[[[[[[[[[[[[[[[[[[[[[[[[[[![[[[[[[[[[![[[[	IGHV5-51*00(910,3)	IGHD2-8*00(63)	IGHJ4*00(145,8)		241|535|556|0|294|SG245ASG293TSA307NST333GSA334TSC445TSC524T|1362.0	38|57|93|299|318|SC42GSG44A|63.0	22|61|68|323|362|ST31ASA45NSC56N|155.0		region_not_covered	region_not_covered	GGATACAGCTTTACCAGCGTCTGG	58	ATCGGCTGGGTGCGCCAGATGCCCGGGAAAGGCCTGGAGTGGATGGGGATC	58	ATCTATCCTGGTGACTCTGATACC	58	AGATACAGCCCGTCCTTCCAAGGCCAGGTCATCATCTCAGCCGACAAGTCCATCAGCACCGCCTACCTGCAGTGGAGCAGCCTGAAGGCCTCGGACACCGCCATGTATTAT	58	TGTGCGAGACGGGACTGTAGTAGTGGTGTATGCTTGGGTTACTTTGACAACTGG	58	region_not_covered	region_not_covered	region_not_covered	GYSFTSVW	IGWVRQMPGKGLEWMGI	IYPGDSDT	RYSPSFQGQVIISADKSISTAYLQWSSLKASDTAMYY	CARRDCSSGVCLGYFDNW	region_not_covered	:::::74:98:149:173:284:-1:294:299:-7:-5:318:323:-2:338:::
22	4.0	8.962179602079225E-5	GTGGAGTCTGGGGGAGGCCTGGTCAAGCCTGGGGGGTCCCTGAGACTCTCCTGTGCAGCCTCTGGATTCACCTTCAGTAGCTATAGCATGAACTGGGTCCGCCAGGCTCCAGGGAAGGGGCTGGAGTGGGTCTCATCCATTAGTAGTAGTAGTAGTTACATATACTACGCAGACTCAGTGAAGGGCCGATTCACCATCTCCAGAGACAACGCCAAGAACTCACTGTATCTGCAAATGAACAGCCTGAGAGCCGAGGACACGGCTGTGTATTACTGTGCGAGAGCCGCTATAGCAGCAGCTGGTAAGGGCCAGGGAACCCTGGTCACCG	CCCCC[[[[[[[[[[[[[[[[[[[[[[[[[[[[[[[[[[[[[[[[[[[[[[[[[[[[[[[[[[[[[[[[[[[[[[[[[[[[[[[[[[[[[[[[[[[[[[[[[[[[[[[[[[[[[[[[[[[[[[[[[[[[[[[[[[[[[[[[[[[[[[[[[[[[[[[[[[[[[[[[[[[[[[[[[[[[[[[[[[[[[[[[[[[[[[[[[[[[[[[[[[[[[[[[[[[[[[[[[[[[[[[[[[[[[[[[[[[[[[[[[[[[[[[[[[[[[[[[[[[[[[[[[[[[[[[[[[[[[[[[[[[[[[[[[[[[[[[[[[[[[[[[[[[[[[[[[[FFFCCCCCC	IGHV3-21*00(1101,3)	IGHD6-13*00(85)	IGHJ5*00(62,3),IGHJ4*00(61,3)		270|553|574|0|283||1415.0	24|41|63|287|304||85.0	"39|62|71|305|328||115.0;36|37|68|305|306||5.0"		region_not_covered	region_not_covered	GGATTCACCTTCAGTAGCTATAGC	58	ATGAACTGGGTCCGCCAGGCTCCAGGGAAGGGGCTGGAGTGGGTCTCATCC	58	ATTAGTAGTAGTAGTAGTTACATA	58	TACTACGCAGACTCAGTGAAGGGCCGATTCACCATCTCCAGAGACAACGCCAAGAACTCACTGTATCTGCAAATGAACAGCCTGAGAGCCGAGGACACGGCTGTGTATTAC	58	TGTGCGAGAGCCGCTATAGCAGCAGCTGGTAAG	58	region_not_covered	region_not_covered	region_not_covered	GFTFSSYS	MNWVRQAPGKGLEWVSS	ISSSSSYI	YYADSVKGRFTISRDNAKNSLYLQMNSLRAEDTAVYY	CARAAIAAAGK	region_not_covered	:::::63:87:138:162:273:-1:283:287:-3:-1:304:305:-19:306:::
23	4.0	8.962179602079225E-5	GTCTGGGGGAGGCGTGGTCCAGCCTGGGAGGTCCCAGAGACTCTCCTGTGCAGCCTCTGGATTCACCTTCAGTAACTATGCCATACACTGGGTCCGCCNGGCTCCAGGCAAGGGGCTGGAGTGGGTGGCAGTTTTCTCATATGATGGAACTCATAAATACTATGCAGACTCCGTGAAGGGCCGATTTACCATCTCCAGAGACAATTCCAAGAACACGGTGTTTCTGCAAATGAACAGCCTGAGAGCTGAGGACACGGCTGTGTATTACTGTGCGAAAGACGCCGTGGCATGGGTGGTAGCTGGTACTCCGTTTGACTACTGGGGCCAGGGAACCCTGGTC	BABBCFFCCBCCGGGGGGGGGGHGHHHGHGGGHHHHHHHHHHHHHHHHHHHHHHHHHH[[[[[[[[[[[[[[[[[[[[[[[[['[[[[[[[[[[[[[[![[[[[[[[[[[[[[[[[[[[[[[[[[[[[[[[[[[[[[[[[[[[[[[[[[[[[[[[[[[[[[[[[[[[[[[[[[[[[[[[[[[[[[[[[[[[[[[[[[[[[[[[[[[[[[[[[[[[[[[[[[[[[[[[[[[[[[[[[[[[[[[[[[[[[[[[[[[[[[[[[[[[[[[[[[[[[[[[[[[[[[[[[[[[[[[[[[[[[[[[[[[[[[[[[[[[[[[[[[[[[[[[[[[[[[[[[[[[CCBAA	IGHV3-30*00(821,5)	IGHD2-15*00(79)	IGHJ4*00(115)		275|554|574|0|279|ST310ASG349ASG355CSG359ASA373NSA408TSA410CSG424CSA426CSC461TSC492GSA496T|1207.0	44|63|93|291|310|SC55G|79.0	25|55|68|310|340||150.0		region_not_covered	region_not_covered	GGATTCACCTTCAGTAACTATGCC	58	ATACACTGGGTCCGCCNGGCTCCAGGCAAGGGGCTGGAGTGGGTGGCAGTT	0	TTCTCATATGATGGAACTCATAAA	58	TACTATGCAGACTCCGTGAAGGGCCGATTTACCATCTCCAGAGACAATTCCAAGAACACGGTGTTTCTGCAAATGAACAGCCTGAGAGCTGAGGACACGGCTGTGTATTAC	58	TGTGCGAAAGACGCCGTGGCATGGGTGGTAGCTGGTACTCCGTTTGACTACTGG	58	region_not_covered	region_not_covered	region_not_covered	GFTFSNYA	IHWVRXAPGKGLEWVAV	FSYDGTHK	YYADSVKGRFTISRDNSKNTVFLQMNSLRAEDTAVYY	CAKDAVAWVVAGTPFDYW	region_not_covered	:::::58:82:133:157:268:0:279:291:-13:1:310:310:-5:322:::
24	3.0	6.72163470155942E-5	CTGGTGAAGCCTTCGGGGACCCTGTCCCTCACCTGCGCTGTATCTGGTGACTCCATCAACAATTCTTACCGGTGGAGTTGGGTCCGCCAGCCCCCGGGGAAGGGGCTGGAATGGATTGGGGACATCTATCATAGCGGGGACACCAACTACAACCCGTCCCTCAAGNGTCGCGTCANCATATCAGTAGACAGGTCTAAGAACAAGTTGTCCCTGAANGTGAAGTCTGTCACCGCCGCGGACACGGCCGTGTATTTCTGTGCGAGGGGTCCGGCCACGGTGACCACTCATTTTGACTGCTGGGGCCAGGGAACCCTGG	11[RQ[R[VV[[VV[[[WV[V[VVX[[X[[[[[[[[[[[[U[[YY[[[[[W[[[XXXX[[X[[[X[[[[[[[[[[[[[[[[[[[[[[[[[[[[[[[[[[[[[[[[[[[[[[[[[[[[[[[[[[[[[[[[[[[[[[[[[[[[[[[[[[[[[[[[[M[P[[[[[[[[![[[[[[[[[![[[[[[[[[[[[[[[[[[[[[[[[[[[[[[[[[[[[[[[![[[[[[[[[[[[[[[[[[[[[[[[[[[[[[[[[[[[[[[[[[[[[[[[[[[[[[[[[[[[[[[[[[[[[[[[[[[[[[[[[[[[[[[[[[[[[[[[[DEE	IGHV4-4*00(810,7)	IGHD4-17*00(40),IGHD3-3*00(35)	IGHJ4*00(99)		269|532|555|0|263|SC310ASG318ASG327ASG330ASA332TSG333CSA335TST338CSA364GSG379ASA391CST403CSA407GSG408ASA434NSA439CSC444NSA459GSC463TSC470ASC475GSG484NSC485GSG489ASC490GSG496CSA522T|895.0	"21|29|48|273|281||40.0;9|16|93|279|286||35.0"	25|53|68|288|316|SA32G|124.0		region_not_covered	region_not_covered	GGTGACTCCATCAACAATTCTTACCGG	54	TGGAGTTGGGTCCGCCAGCCCCCGGGGAAGGGGCTGGAATGGATTGGGGAC	58	ATCTATCATAGCGGGGACACC	58	AACTACAACCCGTCCCTCAAGNGTCGCGTCANCATATCAGTAGACAGGTCTAAGAACAAGTTGTCCCTGAANGTGAAGTCTGTCACCGCCGCGGACACGGCCGTGTATTTC	0	TGTGCGAGGGGTCCGGCCACGGTGACCACTCATTTTGACTGCTGG	58	region_not_covered	region_not_covered	region_not_covered	GDSINNSYR	WSWVRQPPGKGLEWIGD	IYHSGDT	NYNPSLKXRVXISVDRSKNKLSLXVKSVTAADTAVYF	CARGPATVTTHFDCW	region_not_covered	:::::45:72:123:144:255:-3:263:273:-5:-3:281:288:-5:300:::
25	3.0	6.72163470155942E-5	GCCTGGGGGGTCCCTGAGACTCTCCTGCGCAGCCTCTGGATTCACCTTTAGCAGCAATGCCATGACCTGGGTCCGCCAGGCTCCAGGGAAGGGGCTGGTGTGGGTCTCAGGTATTAGTGGAAGTGATGGTAGCACATACTACGCAGACTCCGTGAAGGGCCGGTTCACCATCTCCAGAGACAATTCCAAGAACACGTTGTATCTGCAAATGAACAGCCTGAGAGCCGAGGACACGGCCGTATATTACTGTGCGAAAGAGGCAGGGTACAGCAGTGACTGGCTAAATGGGTACTACTACTACAGTATGGACGTCTGGGGCCAAGGNACCNNGGTCACCGTC	BAABAABB@BDB1GFGGCDGGGHHGHG3/>EE??B2BGFDDEG3GGFCBHHHHFGFGFGHF2GHH2GFCGE?GCCFD?DHHFHGFHHGE.DDGCCGDDHHH[[[[[[[[[[[[[[[[[[[[[[[[[[[[[[[[[[[[[[[[[[[[[[[[[[[[[[[[[[[[[[[[[[[[[[[[[[[[[[[[[[[[[[[[[[[[[[[[[[[[[[[[[[[[[[[[[[[[[[[[[[[[[[[[[[[[[[[[[[[[[[[[[[[[[[[[[[[[[[[[[[[[[[[[[[[[[[[[[[[[[[[[[[[[[[[[[[[[[[[[[[[[[[[[[[[[[[[[[[[[[[[![[[!![[[[[[[[BB	IGHV3-23*00(806,3)	IGHD6-19*00(58)	IGHJ6*00(204,7)		298|556|576|0|258|ST325CST353ASG363CSA396TSC408GST418ASG423ASC494T|1162.0	21|39|63|262|280|ST26CSG34A|58.0	25|76|83|289|340|SG37ASG60NSA64NSC65N|203.0		region_not_covered	region_not_covered	GGATTCACCTTTAGCAGCAATGCC	18	ATGACCTGGGTCCGCCAGGCTCCAGGGAAGGGGCTGGTGTGGGTCTCAGGT	13	ATTAGTGGAAGTGATGGTAGCACA	58	TACTACGCAGACTCCGTGAAGGGCCGGTTCACCATCTCCAGAGACAATTCCAAGAACACGTTGTATCTGCAAATGAACAGCCTGAGAGCCGAGGACACGGCCGTATATTAC	58	TGTGCGAAAGAGGCAGGGTACAGCAGTGACTGGCTAAATGGGTACTACTACTACAGTATGGACGTCTGG	58	region_not_covered	region_not_covered	region_not_covered	GFTFSSNA	MTWVRQAPGKGLVWVSG	ISGSDGST	YYADSVKGRFTISRDNSKNTLYLQMNSLRAEDTAVYY	CAKEAGYSSDWLNGYYYYSMDVW	region_not_covered	:::::37:61:112:136:247:0:258:262:0:-3:280:289:-5:316:::
26	2.0	4.4810898010396126E-5	GGGCTGGATCCGCCAGCCCCCAGGGAAGGGGCTGGAGTGGATTGGGAGTATCTATTATAGNGGGAGCACCTACTACAACCCGTCCCTCAAGAGTCGAGTCACCATATCCGTAGACACGTCCAAGAACCAGTTCTCCCTGAAGCTGAGCTCTGTGACCGCCGCAGACACGGCTGTGTATTACTGTGCGAGACAGGCCCAAAAATTACGATATTTTGACTGCCCAGGTGGTACTACTACATGTACTACTACATGGACGTCTGGGGCAAAGGNACCNNGGTCACCG	AA3ABBBFFFFFGGGGGCFGGGFCFFGGGEGGGGGGH3GFBGHHHHEFEGHHH[[Z[[[[![[[R[[[[[[[[[[[[[[[[[[X[[[Y[[[[Y[Z[[[[[[[[[[[[[Z[[[W[[[Y[[[[[[[[[T[[[[[[[[[[[[[[[[[[[[[[[[[[V[[[[[[[[[[[[[[[[[[[[[[[[[[[XXXXXXXXXXXXXXXXXXXXXXXXXXXXXXXXXXXXXXXXXXXXXXXXXXXXXXXXXXXXXXXXXXXXXXXXXXXXXXXX[[[[[[[[![[[!![[[[[[>A	IGHV4-39*00(819,5)	IGHD3-9*00(90)	IGHJ6*00(125)		347|539|559|0|192|ST407N|948.0	33|51|93|201|219||90.0	40|74|83|249|283|SC55ASG60NSA64NSC65N|118.0		region_not_covered	region_not_covered	region_not_covered	region_not_covered	region_not_covered	region_not_covered	ATCTATTATAGNGGGAGCACC	0	TACTACAACCCGTCCCTCAAGAGTCGAGTCACCATATCCGTAGACACGTCCAAGAACCAGTTCTCCCTGAAGCTGAGCTCTGTGACCGCCGCAGACACGGCTGTGTATTAC	51	TGTGCGAGACAGGCCCAAAAATTACGATATTTTGACTGCCCAGGTGGTACTACTACATGTACTACTACATGGACGTCTGG	55	region_not_covered	region_not_covered	region_not_covered	region_not_covered	region_not_covered	IYYXGST	YYNPSLKSRVTISVDTSKNQFSLKLSSVTAADTAVYY	CARQAQKLRYFDC_RWYYYMYYYMDVW	region_not_covered	:::::::49:70:181:0:192:201:-2:-11:219:249:-20:261:::
27	2.0	4.4810898010396126E-5	CAGTAGTAGTTACTACTGGGGCTGGATCCGCCAGCCCCCAGGGAAGGGGCTGGAGTGGATTGGGAGTATCTATTATAGTGGGAGCACCTACTACAACCCGTCCCTCAAGAGTCGAGTCACCATATCCGTAGACACGTCCAAGAACCAGTTCTCCCTGAAGCTGAGCTCTGTGACCGCCGCAGACACGGCTGTGTATTACTGTGCGAGACAAGCCCAAAAATTACGATATTTTGACTGCCCAGGTGGTGCTACTACATGGACGTCTGGGGCNAAGGGACCACGG	BBBBBFFFFDFFGGGGGGGGGGGGGHHHHHG[[[[[[[[[[[[[[[[[[[[[[[[[[[[[[[[[[[[[[[[[[[[[[[[[[[[[[[[[[[[[[[[[[[[[[[[[[[[[[[[[[[[[[[[[[[[[[[[[[[[[[[[[[[[[[[[[[[[[[[[V[[[[X[[[X[[[[[[Y[[[[[[[[[[[[[[[[[[[[[[[[[[[[[[[[[[[[[[[[[[[[[[[[[[[[[[[[[[[[[[[[[[[[[[[[[[[[[[[[[[[[[[[[[[[[[[[[[[[[[[![[[[FCDCEDCC	IGHV4-39*00(972,5)	IGHD3-9*00(90)	IGHJ6*00(112)		329|539|559|0|210||1050.0	33|51|93|219|237||90.0	40|68|83|255|283|SC55N|128.0		region_not_covered	region_not_covered	region_not_covered	region_not_covered	TGGGGCTGGATCCGCCAGCCCCCAGGGAAGGGGCTGGAGTGGATTGGGAGT	38	ATCTATTATAGTGGGAGCACC	58	TACTACAACCCGTCCCTCAAGAGTCGAGTCACCATATCCGTAGACACGTCCAAGAACCAGTTCTCCCTGAAGCTGAGCTCTGTGACCGCCGCAGACACGGCTGTGTATTAC	53	TGTGCGAGACAAGCCCAAAAATTACGATATTTTGACTGCCCAGGTGGTGCTACTACATGGACGTCTGG	58	region_not_covered	region_not_covered	region_not_covered	region_not_covered	WGWIRQPPGKGLEWIGS	IYYSGST	YYNPSLKSRVTISVDTSKNQFSLKLSSVTAADTAVYY	CARQAQKLRYF_LPRWCYYMDVW	region_not_covered	::::::16:67:88:199:0:210:219:-2:-11:237:255:-20:267:::
28	2.0	4.4810898010396126E-5	GGGTCCGCCAGGCTCCAGGCAAGGGGCTGGAGTGGGTGGCAGTTATATCATTTGATGGAATTAACAAAAACTATGGAGACTCCGTGAGGGGCCGNTTCACCGTCTCCAGAGACAATTCCGAGAACACCGTGTATCTTCAGATGAAGGGCCTGAGAGTTGAAGNCACGGCTGTATATTATTGTGCGAGAGTCTCCTTGGGGGTGAGTTCCCTTCTTTCCGCTGCTACGGCATGGACGTCTGGGGCCAAGGG	AAAAAA?D>DD1G1FFGGGCGFF[[[R[Q[UUV[Q[[[[[V[V[XY[[[[[[[YY[[XU[[[[X[[X[W[[X[[Y[[[[[[[[[[[[[[U[[[[![[VX[[[[[[[[[[[[[[[[[[[[[[[[[[[[[[[[[[[[[Y[[[[[[[[[XV[[[XX[[XX[X[XV![[[[X[[Y[[[Y[[[W&&&&&&&&&&&&&&&&&&&&&&&&&&&&&&&&&&&&&&&&&&&&&&&&&&&&&&&&&&&&&&[Q[[AA>1A	IGHV3-30*00(527)	IGHD3-16*00(35),IGHD1-7*00(30),IGHD6-25*00(30)	IGHJ6*00(99)		364|550|574|0|186|SA415TSG424TST428CST432ASC439GSA451GSA458NSA465GSA483GSG491CSC492GSG500TSA503GSC509GSA510GSC520TSG524ASA526NSG536ASC542T|618.0	"52|59|111|194|201||35.0;2|8|51|203|209||30.0;4|10|54|216|222||30.0"	33|61|83|222|250|ST39C|124.0		region_not_covered	region_not_covered	region_not_covered	region_not_covered	region_not_covered	region_not_covered	ATATCATTTGATGGAATTAACAAA	52	AACTATGGAGACTCCGTGAGGGGCCGNTTCACCGTCTCCAGAGACAATTCCGAGAACACCGTGTATCTTCAGATGAAGGGCCTGAGAGTTGAAGNCACGGCTGTATATTAT	0	TGTGCGAGAGTCTCCTTGGGGGTGAGTTCCCTTCTTTCCGCTGCTACGGCATGGACGTCTGG	5	region_not_covered	region_not_covered	region_not_covered	region_not_covered	region_not_covered	ISFDGINK	NYGDSVRGRFTVSRDNSENTVYLQMKGLRVEXTAVYY	CARVSLGVSS_SFRCYGMDVW	region_not_covered	:::::::44:68:179:-4:186:194:-15:-15:201:222:-13:241:::
29	2.0	4.4810898010396126E-5	GCTCCAGGCAAGGGGCTGGAGTGGGTGGCAGTTATATCATTTGATGGAATTAACAAAAACTATGGAGACTCCGTGAGGGGCCGATTCACCGTCTCCAGAGACAATTCCGAGAACACCGTGTATCTTCAGATGAAGGGCCTGAGAGTTGAAGACACGGCTGTATATTATTGTGCGAGAGTCTCCTTGGGGGGGTGTGTTCCTTTCTTTCCGCTACTACGGCCTGGACGTCTGGGGCCAAGGGACCACGGTC	[[[[[[[[S[[[[[[W[[[[[[[[[[[[W[V[[[[[[[[[[[[[[[[[[[[X[[[[[W[[[[[[[[[[[[[[[[[[[[[[[[[[[[[[[[[[[[[[[[[[[[[[[[[[[[[[[[[[[[[[[[[[[[[[[[[[[[[[[[[[[[[[[[[[[[[[[[[[[[[[[[[[[[[[RRRRRRRRRRRRRRRRRRRRRRRRRRRRRRRRRRRRRRRRRRRRRRRRRRRRRRRRRRRRRRRR[[[[[[[[[[[[[[[[[[	IGHV3-30*00(587)	IGHD3-16*00(35)	IGHJ6*00(168)		375|550|574|0|175|SA415TSG424TST428CST432ASC439GSA451GSA465GSA483GSG491CSC492GSG500TSA503GSC509GSA510GSC520TSG524ASG536ASC542T|587.0	52|59|111|183|190||35.0	30|70|83|210|250|ST39CSA40C|168.0		region_not_covered	region_not_covered	region_not_covered	region_not_covered	region_not_covered	region_not_covered	ATATCATTTGATGGAATTAACAAA	55	AACTATGGAGACTCCGTGAGGGGCCGATTCACCGTCTCCAGAGACAATTCCGAGAACACCGTGTATCTTCAGATGAAGGGCCTGAGAGTTGAAGACACGGCTGTATATTAT	54	TGTGCGAGAGTCTCCTTGGGGGGGTGTGTTCCTTTCTTTCCGCTACTACGGCCTGGACGTCTGG	49	region_not_covered	region_not_covered	region_not_covered	region_not_covered	region_not_covered	ISFDGINK	NYGDSVRGRFTVSRDNSENTVYLQMKGLRVEDTAVYY	CARVSLGGCVP_SFRYYGLDVW	region_not_covered	:::::::33:57:168:-4:175:183:-15:-15:190:210:-10:232:::
30	2.0	4.4810898010396126E-5	GCGCTGTCTATGGTGGGTCCTTCAGTGATTATTACTGGAGCTGGATCCGCCAGCCCCCAGGGAAGGGGCTGGAGTGGATTGGGGAAATCAATCATAGTGGGAACACCAACTACAACCCGTCCCTCAAGAGTCGAGTCACCATATCAGTAGACACGTCCAAGAACCAGTTCTCCCTGAGGCTGAGTTCTGTGACCGCCGCGGACAGGGCTGTGTATTACTGTGCGAGAGAGGGGAAGTATAACGATTTTTACTACTACATGGACGTCTGGGGCAAAGGGACCACGGTCACCG	>>A?3A>D5D5DE5F2AA4FGFHFGB5FBGFHHHGCFHHHHHHHGHCGHE?EEFFFEEAEFGEA1[[[[[[[[[[[[YY[[[[[[[W[[[[[[[[[[[[[[[[[[[[[[[[[[[[Z[[U[[[[[[[[[[[[[[[[[[[[[[[[[[[[[[[[VV[X[[[XXX[[WX[X[[[V[[XXW[[[[[[[[[[[[[[[[[[[[U[[[X[WW[[[[XX[[[[[[X[VVVVVVVVVVVVVVVVVVVVVVVVVVVVVVVVVVVVVVVVVVVVVVVVVVV[[[[[W[[[GDDDDFFCDDCCC	IGHV4-34*00(881,5)	IGHD3-3*00(54),IGHD3-16*00(50)	IGHJ6*00(121,5)		304|532|553|0|228|SG331ASC335TSA404GSG406ASA481GSC488TSC508G|1028.0	"31|45|93|235|249|ST35A|54.0;1|11|111|235|245||50.0"	40|74|83|257|291|SC55A|154.0		region_not_covered	region_not_covered	GGTGGGTCCTTCAGTGATTATTAC	17	TGGAGCTGGATCCGCCAGCCCCCAGGGAAGGGGCTGGAGTGGATTGGGGAA	16	ATCAATCATAGTGGGAACACC	54	AACTACAACCCGTCCCTCAAGAGTCGAGTCACCATATCAGTAGACACGTCCAAGAACCAGTTCTCCCTGAGGCTGAGTTCTGTGACCGCCGCGGACAGGGCTGTGTATTAC	52	TGTGCGAGAGAGGGGAAGTATAACGATTTTTACTACTACATGGACGTCTGG	53	region_not_covered	region_not_covered	region_not_covered	GGSFSDYY	WSWIRQPPGKGLEWIGE	INHSGNT	NYNPSLKSRVTISVDTSKNQFSLRLSSVTAADRAVYY	CAREGKYNDFYYYMDVW	region_not_covered	:::::11:35:86:107:218:-1:228:235:0:-17:249:257:-20:269:::
31	2.0	4.4810898010396126E-5	GTCCAGGACTGGTGAAGCCCTCGCAGACCCTCTCACTCACCTGTGCCATCTCCGGGGACAGTGTCTCTAGCAACAGTGCTGCTTGGAACTGGATCAGGCAGTCCCCATCGAGAGGCCTTGAGTGGCTGGGAAGGACATACTACAGGTCCAAGTGGTATA,AGACACATCCAAGAACCAGTNCTCCCTGCAGCTGAACTCTGTGACTCCCGAGGACACGGCTGTGTATTACTGTGCAAGAGGGCCCCCCCTCTTAGTGGGAGCTACCCCACGGTCGGATACTGGTACTTCAATCTCTGGGGCCGTGGAACCCTGGTCACGTC	>>ABBFFB[[[[[[[[[[[[[[[[[[[[[[[[[[[[[[[[[[[[[[[[[[[[[[[[[[[[[[[[[[[[[[[[[[[[[[[[[[[[[[[[[[[[[[[[[[[[[[[[[[[[[[[[[[[[[[[[[[[[[[[[[[[[[[[[[[[[[[[[[[[[[[[HFGHGHHF,FFFFFFFFFF[[[[[[[[[[![[[[[[[[[[[[[[[[[[[[[[[[[[[[[[[[[[[[[[[[[[[[[[[[[[[[[[[[[[[[[[[[[[[[[[[[[[[[[[[[[[[[[[[[[[[[[[[[[[[[[[[[[[[[[[[[[[[[[[[[[[[[[[[[[[FFCCBACCCB	IGHV6-1*00(1122)	IGHD1-26*00(65)	IGHJ2*00(152,5)		265|424|568|0|159||795.0,467|547|568|0|80|ST487N|388.0	,24|37|60|92|105||65.0	,21|66|73|117|161|SG33ASC50ADT62|167.0		region_not_covered	region_not_covered	GGGGACAGTGTCTCTAGCAACAGTGCTGCT	58	TGGAACTGGATCAGGCAGTCCCCATCGAGAGGCCTTGAGTGGCTGGGAAGG	58	region_not_covered	region_not_covered	region_not_covered	region_not_covered	TGTGCAAGAGGGCCCCCCCTCTTAGTGGGAGCTACCCCACGGTCGGATACTGGTACTTCAATCTCTGG	58	region_not_covered	region_not_covered	region_not_covered	GDSVSSNSAA	WNWIRQSPSRGLEWLGR	region_not_covered	region_not_covered	CARGPPLLVGA_PTVGYWYFNLW	region_not_covered	:::::53:83:134::::::::::::::,:::::::::70:-1:80:92:-4:-3:105:117:-1:138:::
32	2.0	4.4810898010396126E-5	GGTGAAGCCCTCGCAGACCCTCTCACTCACCTGTGCCATCTCCGGGGACAGTGTCTCTAGCAACAGTGCTGNTTGGAACTGGATCAGGCAGTCCCCATCGAGAGGCCTTGAGTGGCTGGGAAGGACATACTACAGGTCCAAGTGGTATAATGATTATGCAGTATCTGG,GACACATCCAAGAACCAGTTCTCCCTGCAGCTGAACTCTGTGACTCCCGAGGACACGGCTGTGTATTACTGTGCAAGAGGGCCCCCCCCTCTTAGTGGGAACTACCCCACGGTCGGATACTGGTACTTCAATCTCTGGGGCCGTGGAACCCTGGTCACCG	ABABBFFFFCFCGGGGG[[[[[[[[[[[[[[[[[[[[[[[[[[[[[[[X[[[[[[[[[[[[[[[[[[[[[[![[[[[[[[[[[[[[[Z[X[[[[[[[[[[Z[[[[[[[[[[[[[[[[[[[WZ[[WWW[Z[[[[[[[[[[[[[[[[[[[Y[[2B?FFFDFDFGFGHH21,FFFFFFFFF[[[[[[[[[[[[[[[[[[[[[[[[[[[[[[[[[[R[[[[[[[[[[[[[[[[[[[[[[[[[[[[[[[[[[[[[[[[[[[[[[[[[[[[[[[[[[[[[[[[[[[[[[[[[[[[[[[[[[[[[[[[[[[[[[[[[[[[[[[[[[[FFFBBCABB	IGHV6-1*00(1111,5)	IGHD1-26*00(49)	IGHJ2*00(152,5)		275|443|568|0|168|SC346NST442G|812.0,468|547|568|0|79||395.0	,24|37|60|92|105|SG32A|49.0	,21|64|73|117|160|SG33ASC50AST62C|167.0		region_not_covered	region_not_covered	GGGGACAGTGTCTCTAGCAACAGTGCTGNT	0	TGGAACTGGATCAGGCAGTCCCCATCGAGAGGCCTTGAGTGGCTGGGAAGG	54	ACATACTACAGGTCCAAGTGGTATAAT	54	region_not_covered	region_not_covered	TGTGCAAGAGGGCCCCCCCCTCTTAGTGGGAACTACCCCACGGTCGGATACTGGTACTTCAATCTCTGG	58	region_not_covered	region_not_covered	region_not_covered	GDSVSSNSAX	WNWIRQSPSRGLEWLGR	TYYRSKWYN	region_not_covered	CARGPPPLSGNYPTVGYWYFNLW	region_not_covered	:::::43:73:124:151:::::::::::::,:::::::::69:-1:79:92:-4:-3:105:117:-1:138:::
33	2.0	4.4810898010396126E-5	TGGTAAAGCCGGGGGGGTCCCTTAGACTCTCCTGTGCAGCCTCTGGACTCACATTCAGTAACGCCTGGATGAACTGGGTCCGCCAGGCTCCAGGGAAGGGACTGGAGTGGGTTGGCCGTATTAGAAGCAAATCTGATGGTGGGACAAGAGACTACGCTGCACCCGTGAAAGGCAGATTCACCATCTCAAGAGATGATTCAAAAAACACGCTGTATCTGCAAATGAACAGCCTGAAAACCGAGGACACAGCCGTGTATTACTGCACCACGCCCAGGTATAGCAGCAGGGAGTATTATTACTACGGTACGGACGTCTGGGGCCAGGGNACCNC	CCDCCFFFFFCCGGGGGGGGGGHHHHHHHHHHHHHHHHHHHGGGGGGGGGGGGGGGGGFFGGGGGGGGGGGGFFFFFFFFFFFFFFFFFFFFFFFFFFFFFFFFFFFFFFFFFFFFFFFFFFFFFFFFFFFFFFFFFFFFFFFFFFFF[[[BBFFBDBBBGGGGGEFGGGFCHHGGHHH[[[[[[[[[[[[[[[[[[[[[[[[[[[[[[[[[[[[[[[[[[[[[[[[[[[[[[[[[[[[[[[[[[[[[[[[[[[[[[[[[[[[[[[[[[[[[[[[[[[[[[[[[[[[[[[[[[[[[[[[[[[[[[[[[[[[[[[[[[[[[[[[[[![[[!B	IGHV3-15*00(820)	IGHD6-13*00(69),IGHD6-25*00(59)	IGHJ6*00(124,5)		291|559|582|0|268|ST301GST338CST343ASG363ASG391ASA414GSA422TSC438GST553C|1196.0	"18|35|63|269|286|SG21A|69.0;15|30|54|269|284|SG18A|59.0"	31|66|83|296|331|ST41CSA57GSG60NSA64N|119.0		region_not_covered	region_not_covered	GGACTCACATTCAGTAACGCCTGG	37	ATGAACTGGGTCCGCCAGGCTCCAGGGAAGGGACTGGAGTGGGTTGGCCGT	37	ATTAGAAGCAAATCTGATGGTGGGACAAGA	37	GACTACGCTGCACCCGTGAAAGGCAGATTCACCATCTCAAGAGATGATTCAAAAAACACGCTGTATCTGCAAATGAACAGCCTGAAAACCGAGGACACAGCCGTGTATTAC	33	TGCACCACGCCCAGGTATAGCAGCAGGGAGTATTATTACTACGGTACGGACGTCTGG	58	region_not_covered	region_not_covered	region_not_covered	GLTFSNAW	MNWVRQAPGKGLEWVGR	IRSKSDGGTR	DYAAPVKGRFTISRDDSKNTLYLQMNSLKTEDTAVYY	CTTPRYSSREYYYYGTDVW	region_not_covered	:::::44:68:119:149:260:-3:268:269:3:-7:286:296:-11:317:::
34	1.0	2.2405449005198063E-5	GATACAGCCCGTCCTTCCAAGGCCAGGTCACCATCTCAGCCGACAAGTCCATCAGCACCGCCTACCTGCAGTGGAGCAGCCTGAAGGCCTCGGACACCGCCATGTATTACTGTGTGAGACGGGGGTATAGCAGCAGTTGGCCCACCCACTCCCTATACTACTTTGACTACTGGGGCC	CCCCCFFFABCCGGGGGGGGGGHHHHHHHHHHHHHHHHHHHHHHHHHHHHHHHHHHHHGHGHHHHHHHHHHHHHHGHHHHHHHHHHHHHHHHHGGGHGHHHHHHHHHHHHCCCCCCCCCCCCCCCCCCCCCCCCCCCCCCCCCCCCCCCCCCCCCCCCCCCCCCCCCCCCCCCCBBC	IGHV5-51*00(584)	IGHD6-13*00(74)	IGHJ4*00(110)		415|535|556|0|120|SC529T|584.0	21|39|63|122|140|SC35T|74.0	19|41|68|155|177||110.0		region_not_covered	region_not_covered	region_not_covered	region_not_covered	region_not_covered	region_not_covered	region_not_covered	region_not_covered	region_not_covered	region_not_covered	TGTGTGAGACGGGGGTATAGCAGCAGTTGGCCCACCCACTCCCTATACTACTTTGACTACTGG	34	region_not_covered	region_not_covered	region_not_covered	region_not_covered	region_not_covered	region_not_covered	region_not_covered	CVRRGYSSSWPTHSLYYFDYW	region_not_covered	:::::::::110:-1:120:122:0:-3:140:155:1:173:::
35	1.0	2.2405449005198063E-5	ATTATAGTGGGAGCACCTACTACAACCCGTCCCTCAAGAGTCGAGTCACCATATCCGTAGACACGTCCAAGAACCAGTTCTCCCTGAAGCTGAGCTCTGTGACCGCCGCAGACACGGCTGTGTATTACTGTGCGAGGCAGGCCCAAAAATTACGATATTTTGACTGCCCAGGTGGTACCACTACATGGACGCCTGGGGCAAAGGGACCACGGTCACCGT	AABCCFFFFFCCGGGGGGGGGGHHHHGGGGGGGHHHHHHHHHGGGHHHHHHHHHHHGGHGGHHHGHHGGHHHHHHGHHHHHHHHHHHHHHHHHHHHGHHHHHHHGGGHGHHHHHHGHHGHHHHHHHHHAAAAAAAAAAAAAAAAAAAAAAAAAAAAAAAAAAAAAAAAAAAAAAAAAAAAAAAAAAAAAAAAAAAAHGGGGGGGGGGBADFFBAAAB@B	IGHV4-39*00(680)	IGHD3-9*00(90)	IGHJ6*00(143)		400|536|559|0|136||680.0	33|51|93|148|166||90.0	40|75|83|184|219|ST47CSC55A|143.0		region_not_covered	region_not_covered	region_not_covered	region_not_covered	region_not_covered	region_not_covered	region_not_covered	region_not_covered	TACTACAACCCGTCCCTCAAGAGTCGAGTCACCATATCCGTAGACACGTCCAAGAACCAGTTCTCCCTGAAGCTGAGCTCTGTGACCGCCGCAGACACGGCTGTGTATTAC	38	TGTGCGAGGCAGGCCCAAAAATTACGATATTTTGACTGCCCAGGTGGTACCACTACATGGACGCCTGG	32	region_not_covered	region_not_covered	region_not_covered	region_not_covered	region_not_covered	region_not_covered	YYNPSLKSRVTISVDTSKNQFSLKLSSVTAADTAVYY	CARQAQKLRYF_LPRWYHYMDAW	region_not_covered	::::::::17:128:-3:136:148:-2:-11:166:184:-20:196:::
36	1.0	2.2405449005198063E-5	CTCCTGTGCAGCTTCTGGACTCACCTTCTCTACTTATGGCATGCACTGGGTCCGCCAGGCTCCAGGCAAGGGGCTGGAGTGGGTGGCAGTTATACCATTTGATGGAATTAACAAAAACTATGGAGACTCCGTGAGGGGCCGATTCACCGTC,AGACAATTCCGAGAACACCGTGTATCTTCAGATGAAGGGCCTGAGAGTTGAAGACACGGCTGTATATTATTGTGCGAGGGTCTCCTTGGGGGGGGTGAGTTCCTTTCTTTCCGCTACTACGGCATGGACGTCTGGGGCCAAGGGACCACGG	BCBCBFFFFFFFGGGGGGG4BGHHHHHHHHHHHHHHHHHHGHHHHHHHHHHHHGGGGGHHHHGHHHHHHGGGGGGGGHHGHGHFGGHHGHHHHHHHGHHHHHHHHHHHHHHHHHHHHGHHHHHHHHGHHHGHGGGHGGGGGGGGHHHHGHE,HHHHHGGGGGHHFFAGFGGHHHGHHHHHHHHHHHHHGGGHHHGHHHHHHHHHHHGGGHHHHHHHHHHHGHFFFFFFFFFFFFFFFFFFFFFFFFFFFFFFFFFFFFFFFFFFFFFFFFFFFFFFFFFFFFFFFFFGGGGFFFFFBCCCCCC	IGHV3-30*00(740)	IGHD3-16*00(35),IGHD1-7*00(30)	IGHJ6*00(174)		317|468|574|0|151|SC329TST336CSA345TSG346CSG349CSC350TST411CSA415TSG424TST428CST432ASC439GSA451GSA465G|531.0,473|550|574|0|77|SA483GSG491CSC492GSG500TSA503GSC509GSA510GSC520TSG524ASG536ASC542T|209.0	",52|59|111|85|92||35.0;,2|8|51|97|103||30.0"	,30|68|83|113|151|ST39C|174.0		region_not_covered	region_not_covered	GGACTCACCTTCTCTACTTATGGC	19	ATGCACTGGGTCCGCCAGGCTCCAGGCAAGGGGCTGGAGTGGGTGGCAGTT	37	ATACCATTTGATGGAATTAACAAA	38	region_not_covered	region_not_covered	TGTGCGAGGGTCTCCTTGGGGGGGGTGAGTTCCTTTCTTTCCGCTACTACGGCATGGACGTCTGG	37	region_not_covered	region_not_covered	region_not_covered	GLTFSTYG	MHWVRQAPGKGLEWVAV	IPFDGINK	region_not_covered	CARVSLGGVSS_SFRYYGMDVW	region_not_covered	:::::16:40:91:115:::::::::::::,:::::::::70:-4:77:85:-15:-15:92:113:-10:135:::
37	1.0	2.2405449005198063E-5	ACCTACTACAACCCGTCCCTCAAGAGTCGAGTCACCATATCCGTAGACACGTCCAAGAACCAGTTCTCCCTGAAGCTGAGCTCTGTGACCGCCGCAGACACGGCTGTGTATTACTGTGCGAGACAGGCCTAAAAATTACGATATTTTGACTGCCCAGGTTGTACTACTACATGGACGTCTGGGGCAAAGGAACCC	"BBBBBFFFFFFFGGGGCGGGGGHDHGHHGGGHHHHHHHHHHHGGHGGH<HG:HGEHHH<HH;EFG:HHHG8HHHHHHHBEFH:HFHH:HHGGGGGGGGHHHHFGGGHHFGHHHHAAAAAAAAAAAAAAAAAAAAAAAAAAAAAAAAAAAAAAAAAAAAAAAAAAAAAAAAAAAAAAAAAAAAGFBFFFB>>>333"	IGHV4-39*00(625)	IGHD3-9*00(90)	IGHJ6*00(77)		414|539|559|0|125||625.0	33|51|93|134|152||90.0	40|65|83|170|195|SC55ASG60ASA64C|77.0		region_not_covered	region_not_covered	region_not_covered	region_not_covered	region_not_covered	region_not_covered	region_not_covered	region_not_covered	TACTACAACCCGTCCCTCAAGAGTCGAGTCACCATATCCGTAGACACGTCCAAGAACCAGTTCTCCCTGAAGCTGAGCTCTGTGACCGCCGCAGACACGGCTGTGTATTAC	23	TGTGCGAGACAGGCCTAAAAATTACGATATTTTGACTGCCCAGGTTGTACTACTACATGGACGTCTGG	32	region_not_covered	region_not_covered	region_not_covered	region_not_covered	region_not_covered	region_not_covered	YYNPSLKSRVTISVDTSKNQFSLKLSSVTAADTAVYY	CARQA*KLRYF_LPRLYYYMDVW	region_not_covered	::::::::3:114:0:125:134:-2:-11:152:170:-20:182:::
38	1.0	2.2405449005198063E-5	CCTGCACTGTCTCTGGTGGCTCCATCAGCAGTAGTAGTTACTACTGGGGCTGGATCCGCCAGCCCCCAGGGAAGGGGCTGGAGTGGATTGGGAGTATCTATTATAGTGGGAGCACCTACTACAACCCGTCCCTCAAGAGTCGAGTCACCAT,CCGTAGACACGTCCAAGAACCAGTTCTCCCTGAAGCTGAGCTCTGTGACCGCCGCAGACACGGCTGTGTATTACTGTGCGAGACAGGCCCAAAAATTACGATATTTTGACTGCCCAGGTGCTACTACGGCATGGACGTCTGGGGCCAAGGG	BBBBBFFFFFFFGGGGFGEFGGGHHHHHHGHHHHGHHGGFHHHHGHHHGGGGGADGHHGGGGGGGGGGGGFFHEECE?EFGAGGHG3GGHHHAFGGGHHHFHBDGHFDAGAFCHHHHHHHHHHGHDG@FGGGHHGFHHH2GGEGHHHGGFD,FCFDFC<C.C>1F1GG<G1GG=10??/HGGDFGDFFF@22FF2DF/?CGGGGGHGHHHFEGHHHHHHHHHHHGHCCCCCCCCCCCCCCCCCCCCCCCCCCCCCCCCCCCCCCCCCCCCCCCCCCCCCCCCCCCCCCCCCCCCFFFFCBCCB	IGHV4-39*00(1180)	IGHD3-9*00(90)	IGHJ6*00(139)		301|452|559|0|151||755.0,454|539|559|0|85||425.0	,33|51|93|94|112||90.0	,30|61|83|120|151|ST39C|139.0		region_not_covered	region_not_covered	GGTGGCTCCATCAGCAGTAGTAGTTACTAC	36	TGGGGCTGGATCCGCCAGCCCCCAGGGAAGGGGCTGGAGTGGATTGGGAGT	18	ATCTATTATAGTGGGAGCACC	32	region_not_covered	region_not_covered	TGTGCGAGACAGGCCCAAAAATTACGATATTTTGACTGCCCAGGTGCTACTACGGCATGGACGTCTGG	34	region_not_covered	region_not_covered	region_not_covered	GGSISSSSYY	WGWIRQPPGKGLEWIGS	IYYSGST	region_not_covered	CARQAQKLRYF_LPRCYYGMDVW	region_not_covered	:::::14:44:95:116:::::::::::::,:::::::::74:0:85:94:-2:-11:112:120:-10:142:::
39	1.0	2.2405449005198063E-5	GTCCCTCACCTGCACTGTCTCTGGTGGCTCCATCAGCAGTAGTAGTTACTACTGGGGCTGGATCCGCCAGCCCCCAGGGAAGGGGCTGGAGTGGATTGGGAGTATCTATTATAGTGGGAGCACCTACTACAACCCGTCCCTCAAGAGTCGA,CACGTCCAAGAACCAGTTCTCCCTGAAGCTGAGCTCTGTGACCGCCGCAGACACGGCTGTGTATTACTGTGCGAGACAAGCCCAAAAATTACGATATTTTGACTGCCCAGGTGGTACTACTGCATGGACGTCTGGGGCAAAGGGACCACGG	AACBAFFFCFFFGGGGGGGGGGHHHHGHHGGHHHHHHHHHHFGHHHHGHHHHHHHHGGGGGHHHHHGGGGGGGGGGGGGGFGGGGGGGGFHHHGGHHHHGHGGHHHHHHHHHHHFHHHHFGHHHGHHHHHHHHGGGGGGGHHHHHHHHHGC,A<CGCDGHFDF1GBFFFAA=HFFFHHGFC2FGF==22FDC@GGGGGHHHHHGGGHHHHHHHHHHHHHGGGGGGGGGGGGGGGGGGGGGGGGGGGGGGGGGGGGGGGGGGGGGGGGGGGGGGGGGGGGGGGGGGGGGGGGFFFFFBCCCDCC	IGHV4-39*00(1145)	IGHD3-9*00(90)	IGHJ6*00(137)		293|444|559|0|151||755.0,461|539|559|0|78||390.0	,33|51|93|87|105||90.0	,31|68|83|114|151|SG37TST39CSC55A|137.0		region_not_covered	region_not_covered	GGTGGCTCCATCAGCAGTAGTAGTTACTAC	37	TGGGGCTGGATCCGCCAGCCCCCAGGGAAGGGGCTGGAGTGGATTGGGAGT	37	ATCTATTATAGTGGGAGCACC	37	region_not_covered	region_not_covered	TGTGCGAGACAAGCCCAAAAATTACGATATTTTGACTGCCCAGGTGGTACTACTGCATGGACGTCTGG	38	region_not_covered	region_not_covered	region_not_covered	GGSISSSSYY	WGWIRQPPGKGLEWIGS	IYYSGST	region_not_covered	CARQAQKLRYF_LPRWYYCMDVW	region_not_covered	:::::22:52:103:124:::::::::::::,:::::::::67:0:78:87:-2:-11:105:114:-11:135:::
40	1.0	2.2405449005198063E-5	GTTATATCATTTGATGGAATTAACAAAAACTATGGAGACTCCGTGAGGGGCCGATTCACCGTCTCCAGAGACAATTCCGAGAACACCGTGTATCTTCAGATGAAGGGCCTGAGAGTTGAAGACACGGCTGTATATTATTGTGCGAGAGTTTCCTTGGGGGGTGAGTTCCGTTCTTTCCGCTACTACGGCATGGACGTCTGGGGCCAAGGGACCACGG	BABABFFFFFFFGGGGGGGGGGHHHHHHHGHGHCHHHGGHHHGHGGGHDGGGGGGGHHHHGHGHHFHHHHHHHHHHHHHHHGGHHHGHHHHHHHHHHHHHHHHHHHHHHHHHHHHHHHHHHHHHHHGHHHHHHHHHHHGGGGGGGGGGGGGGGGGGGGGGGGGGGGGGGGGGGGGGGGGGGGGGGGGGGGGGGGGGGGGGGGGGGFFFFFCBBACBA	IGHV3-30*00(437)	IGHD3-16*00(35),IGHD1-14*00(30),IGHD1-7*00(30)	IGHJ6*00(174)		405|550|574|0|145|SA415TSG424TST428CST432ASC439GSA451GSA465GSA483GSG491CSC492GSG500TSA503GSC509GSA510GSC520TSG524ASG536ASC542T|437.0	"52|59|111|153|160||35.0;3|9|51|164|170||30.0;2|8|51|163|169||30.0"	30|68|83|179|217|ST39C|174.0		region_not_covered	region_not_covered	region_not_covered	region_not_covered	region_not_covered	region_not_covered	ATATCATTTGATGGAATTAACAAA	32	AACTATGGAGACTCCGTGAGGGGCCGATTCACCGTCTCCAGAGACAATTCCGAGAACACCGTGTATCTTCAGATGAAGGGCCTGAGAGTTGAAGACACGGCTGTATATTAT	34	TGTGCGAGAGTTTCCTTGGGGGGTGAGTTCCGTTCTTTCCGCTACTACGGCATGGACGTCTGG	38	region_not_covered	region_not_covered	region_not_covered	region_not_covered	region_not_covered	ISFDGINK	NYGDSVRGRFTVSRDNSENTVYLQMKGLRVEDTAVYY	CARVSLGGEFRSFRYYGMDVW	region_not_covered	:::::::3:27:138:-4:145:153:-15:-15:160:179:-10:201:::
41	1.0	2.2405449005198063E-5	CAATTCCGAGAACACCGTGTATCTTCAGATGAAGGGCCTGAGAGTTGAAGACACGGCTGTATATTATTGTGCGAGAGTCTCCTTGGGGGTGTGTTCCTTTCTTTCCGCTGCTACGGCATGGACGTCTGGGGCCAAGGGACCACGGTCACCG	GHGGGGGHHHGGHGGGHHHHHHHHHHHHHHHHHGGHHHHHHHHHHGHHHHHGGGHHHHHHHHHHHHHGGGGGGGGGGGGGGGGGGGGGGGGGGGGGGGGGGGGGGGGGGGGGGGGGGGGGGGGGGGGGGGGGGGGGGGGCCCCFFBCCECC	IGHV3-66*00(225)	IGHD3-16*00(35),IGHD6-25*00(30)	IGHJ6*00(189)		473|550|571|0|77|SA480GSG488CSC489GSA500GSC506GSA507GSC517TSG521ASG533ASC539T|225.0	"52|59|111|82|89||35.0;4|10|54|104|110||30.0"	33|74|83|110|151|ST39C|189.0		region_not_covered	region_not_covered	region_not_covered	region_not_covered	region_not_covered	region_not_covered	region_not_covered	region_not_covered	region_not_covered	region_not_covered	TGTGCGAGAGTCTCCTTGGGGGTGTGTTCCTTTCTTTCCGCTGCTACGGCATGGACGTCTGG	38	region_not_covered	region_not_covered	region_not_covered	region_not_covered	region_not_covered	region_not_covered	region_not_covered	CARVSLGVCS_SFRCYGMDVW	region_not_covered	:::::::::67:-1:77:82:-15:-15:89:110:-13:129:::
42	1.0	2.2405449005198063E-5	CTCCGTGAGGGGCCGATTCACCGTCTCCAGAGACAATTCCGAGAACACCGTGTATCTTCAGATGAAGGGCCTGAGAGTTGAAGACACGGCTGTATATTATTGTGCGAGAGTCTCCTTGGGGGGTGAGTTTCTTTCCGCTACTACGGCATGGACGTCTGGGGCCAAGGGACCACGG	BBCCCBCCCFCCGGGGGGGGGGGHGHHHHHHHHHHHHHHHHHHGGHHHGHHHHHHHHHHHHHHHHHHHHGHHHHHHHHHHHHHHHHHHHHHHHHHHHHHHGGGGGGGGGGGGGGGGGGGGGGGGGGGGGGGGGGGGGGGGGGGGGGGGGGGGGGGGGGGGGGGFFFFFBCCCCCC	IGHV3-66*00(358)	IGHD3-16*00(35)	IGHJ6*00(174)		440|550|571|0|110|SA448GSA462GSA480GSG488CSC489GSA500GSC506GSA507GSC517TSG521ASG533ASC539T|358.0	52|59|111|115|122||35.0	30|68|83|137|175|ST39C|174.0		region_not_covered	region_not_covered	region_not_covered	region_not_covered	region_not_covered	region_not_covered	region_not_covered	region_not_covered	region_not_covered	region_not_covered	TGTGCGAGAGTCTCCTTGGGGGGTGAGTTTCTTTCCGCTACTACGGCATGGACGTCTGG	38	region_not_covered	region_not_covered	region_not_covered	region_not_covered	region_not_covered	region_not_covered	region_not_covered	CARVSLGGEF_FRYYGMDVW	region_not_covered	:::::::::100:-1:110:115:-15:-15:122:137:-10:159:::
43	1.0	2.2405449005198063E-5	CCTTCTCTACTTATGGCATGCACTGGGTCCGCCAGGCTCCAGGCAAGGGGCTGGAGTGGGTGGCAGTTATATCATTTGATGGAATTAACAAAAACTATGGAGACTCCGTGAGGGGCCGATTCACCGTCTCCAGAGACAATTCCGAGAACACCGTGTATCTTCAGATGAAGGGCCTGAGAGTTGAAGACACGGCTGTATACTATTGTGCGAGAGTCTCCTTGGGGGGTGAGTTCCTTTCTTTCCGCTACTGCATGGACGTCTGGGGCCAAGGGACCACGGTCACCGTC	BBBBBFFFFFFFGGGGGGGGGGHHHHHGHHGGGGGHHHHGHHHHHHGGGGGGEGFFGGGHEFGHHGFHHHHHHHHHHHGHFHFHHHFHGHHHHHGHHHHHBGHGHHHGFFGGGGFEFGGGGHHGHGHGHHHEHHHGHHHHHHHHHGGGHHFGHHHHHHGHHHHGHHHHHGGGHHHGFEGHHHHHGFGCFGGGHGHHFGFHHEHCCCCCCCCCCCCCCCCCCCCCCCCCCCCCCCCCCCCCCCCCCCCCCCCCCCCCCCCCCCCHHGGGGGGGGCCBBFFBBABABAB	IGHV3-30*00(682)	IGHD3-16*00(35),IGHD1-7*00(30)	IGHJ6*00(183)		340|550|574|0|210|SA345TSG346CSG349CSC350TSA415TSG424TST428CST432ASC439GSA451GSA465GSA483GSG491CSC492GSG500TSA503GSC509GSA510GSC520TSG524ASG536AST539CSC542T|682.0	"52|59|111|218|225||35.0;2|8|51|228|234||30.0"	33|76|83|244|287|SG37TST39C|183.0		region_not_covered	region_not_covered	region_not_covered	region_not_covered	ATGCACTGGGTCCGCCAGGCTCCAGGCAAGGGGCTGGAGTGGGTGGCAGTT	36	ATATCATTTGATGGAATTAACAAA	37	AACTATGGAGACTCCGTGAGGGGCCGATTCACCGTCTCCAGAGACAATTCCGAGAACACCGTGTATCTTCAGATGAAGGGCCTGAGAGTTGAAGACACGGCTGTATACTAT	33	TGTGCGAGAGTCTCCTTGGGGGGTGAGTTCCTTTCTTTCCGCTACTGCATGGACGTCTGG	34	region_not_covered	region_not_covered	region_not_covered	region_not_covered	MHWVRQAPGKGLEWVAV	ISFDGINK	NYGDSVRGRFTVSRDNSENTVYLQMKGLRVEDTAVYY	CARVSLGGEFLSFRYCMDVW	region_not_covered	::::::17:68:92:203:-4:210:218:-15:-15:225:244:-13:263:::
44	1.0	2.2405449005198063E-5	GGTCTCCTGCAAGGCTTCTGGATACACCTTCACCGACTACTATATGCACTGGGTGCGACAGGCCCCTGGACAAGGGCTTGAGTGGATGGGACGGATCAACCCTAACAGTGCTGGCACAAACTATGCACAGAAGTTTCAGGGCAGGGTCACC,ACACGTCCATCAGCACAATCTACATAGAGCTGAGCAAGGTGAGATCTGACGACACGGCCGTTTATTACTGTGCGAGAGGGGCAGCAGTGGCCACCGACTACTACTACTACTACGGCATGGACGTCTGGGGCCAAGGAACCCTGGTCACCGT	BBBBBFFFFFBDGGGGGGGGGGHHHHHGFHHFHHGEGEEHHHHHHHHHHHHHHGGGE1EGGGGGGGHFHHHFHHHGGHHGGHFHEHHGGHFHGGGGGFHHHGHHHGHH4FGHFBDHHH2GFFHHHHHHHHHHGHHHFHFHFGGGGGHHHHF,HGD?HHHHHHGHGGHHHHHHHHHHFHHHHHHHHHFHHHHHHHHHHGHGGGHHGGGGGGGHGHHHHHHHGGGGGGGGGGGGGGGGGGGGGGGGGGGGGGGGGGGGGGGGGGGGGGGGGGGGGGGGGGGGHGGGGGGGGGGCFFFFCCCBCCC	IGHV1-2*00(985)	IGHD6-19*00(45)	IGHJ6*00(201)		298|449|558|0|151|SG333AST389CSG408CST440A|691.0,459|537|558|0|78|SG476ASC477TSG484ASG495ASC497GSG520T|294.0	,27|36|63|82|91||45.0	,22|75|83|98|151|ST39CSG60ASA64CSC65T|201.0		region_not_covered	region_not_covered	GGATACACCTTCACCGACTACTAT	36	ATGCACTGGGTGCGACAGGCCCCTGGACAAGGGCTTGAGTGGATGGGACGG	16	ATCAACCCTAACAGTGCTGGCACA	19	region_not_covered	region_not_covered	TGTGCGAGAGGGGCAGCAGTGGCCACCGACTACTACTACTACTACGGCATGGACGTCTGG	38	region_not_covered	region_not_covered	region_not_covered	GYTFTDYY	MHWVRQAPGQGLEWMGR	INPNSAGT	region_not_covered	CARGAAVATDYYYYYGMDVW	region_not_covered	:::::19:43:94:118:::::::::::::,:::::::::68:-1:78:82:-6:-6:91:98:-2:128:::
45	1.0	2.2405449005198063E-5	ACTATATGCACTGGGTGCGACAGGCCCCTGGACAAGGGCTTGAGTGGATGGGACGGATCAACCCTAACAGTGCTGGCACAAACTATGCACAGAAGTTTCAGGGCAGGGTCACCATGACCAGGGACACGTCCATCAGCACAATCTACATAGAGCTGAGCAAGGTGAGATCTGACGACACGGCCGTTTATTACTGTGCGAGAGGGGCAGCAGTGGCCACCGACTACTACTACGGCATGGACGTCTGGGG	CCCCCFFFFFFFGGGGGGGGGGGGGGGGHGHHHHHHHGGHHGHHHHGHHHGHHHGGGGGHHHHGHHHHHHHHHHHHGFHHHHHHHHHHHHHHFGHHHHHHHHHHHHHHHHHHHHHHHHHHHHHHGGHHHHGHHHHHHHHHHHHHHHHHHHHHHHHHHHHHHHHHHHHHGGGGGHHGEEGGGGHHHHHHHHHBBBBBBBBBBBBBBBBBBBBBBBBBBBBBBBBBBBBBBBBBBBBBBBBBBBBBBBB	IGHV1-2*00(861)	IGHD6-19*00(45)	IGHJ6*00(124)		336|537|558|0|201|ST389CSG408CST440ASG476ASC477TSG484ASG495ASC497GSG520T|861.0	27|36|63|205|214||45.0	26|54|83|219|247|ST39C|124.0		region_not_covered	region_not_covered	region_not_covered	region_not_covered	ATGCACTGGGTGCGACAGGCCCCTGGACAAGGGCTTGAGTGGATGGGACGG	37	ATCAACCCTAACAGTGCTGGCACA	37	AACTATGCACAGAAGTTTCAGGGCAGGGTCACCATGACCAGGGACACGTCCATCAGCACAATCTACATAGAGCTGAGCAAGGTGAGATCTGACGACACGGCCGTTTATTAC	36	TGTGCGAGAGGGGCAGCAGTGGCCACCGACTACTACTACGGCATGGACGTCTGG	33	region_not_covered	region_not_covered	region_not_covered	region_not_covered	MHWVRQAPGQGLEWMGR	INPNSAGT	NYAQKFQGRVTMTRDTSISTIYIELSKVRSDDTAVYY	CARGAAVATDYYYGMDVW	region_not_covered	::::::5:56:80:191:-1:201:205:-6:-6:214:219:-6:245:::
46	1.0	2.2405449005198063E-5	GTCTCCGGTTACTCCATCAGCAGTGGTTACTACTGGGGCTGGATCCGGCAGCCCCCAGGGAAGGGGCTGGAGTGGATTGGGAGTATCTATCATAGTGGGAGCACCTACTACAACCCGTCCCTCAAGAGTCGAGTCACCATATCAGTAGACA,AAGAACCCCTTCTCCCTGAAGCTGACCTCTGTGACCGCCGCAGACACGGCCGTGTATTACTGTGCGAGAGAGGGGAGCCACTATTGTAGTAGTACCAACTGCCATGGTCCGGGTGACTACTACTACATGGACGTCTGGGGCAAAGGAACCC	AABBBFBBBABFGGGGGGEGGGHFHCDEGFHHHHHHHGGCFGEGHFHGG?E?GGEGCEEGEHGGGG0EFGGHGHGFHHHGH1FEGHHH4FGFHGHHHAFCF?CHHFFFFHHHHHBFGGGADHFGC<BCDD@F?GHHHFFHGGHHHFGFHHF,C0.<.A..<<...HF=1F>1101>1CFGDFG/>/GGCGGHFHHHEGGGGEEHBGFGDFHHEEEEEEEEEEEEEEEEEEEEEEEEEEEEEEEEEEEEEEEEEEEEEEEEEEEEEEEEEEEEEEEEEEEEEEEEEEEEEEGFFFFFFFA>BAA	IGHV4-39*00(851),IGHV4-28*00(844)	IGHD2-2*00(93)	IGHJ6*00(84)		"310|463|559|0|151|I310GST314CSG318TSG319ADA333DT335DA336SC359GST402CSC455A|570.0,468|537|559|0|69|SA475CSG476CSG493CST518C|281.0;,524|533|555|60|69||45.0"	,35|60|93|81|106|SG51AST56C|93.0	,29|65|83|115|151|SG37TSG38AST39CSC55ASG60ASA64C|84.0		region_not_covered	region_not_covered	GGTTACTCCATCAGCAGTGGTTACTAC	32	TGGGGCTGGATCCGGCAGCCCCCAGGGAAGGGGCTGGAGTGGATTGGGAGT	15	ATCTATCATAGTGGGAGCACC	19	region_not_covered	region_not_covered	TGTGCGAGAGAGGGGAGCCACTATTGTAGTAGTACCAACTGCCATGGTCCGGGTGACTACTACTACATGGACGTCTGG	36	region_not_covered	region_not_covered	region_not_covered	GYSISSGYY	WGWIRQPPGKGLEWIGS	IYHSGST	region_not_covered	CAREGSHYCSSTNCHGPGDYYYMDVW	region_not_covered	:::::6:33:84:105:::::::::::::,:::::::::60:-2:69:81:-4:-2:106:115:-9:138:::
47	1.0	2.2405449005198063E-5	GTCTATGGTGGGTCCTTCAGTGATTATTACTGGAGCTGGATCCGCCAGCCCCCAGGGAAGGGGCTGGAGTGGATTGGGGAAATCAATCATAGTGGGAACACCAACTACAACCCGTCCCTCAAGAGTCGAGTCACCATATCAGTAGACACGTCCAAGAACCAGTTCTCCCTGAGGCTGAGTTCTGTGACCGCCGCGGACAGGGCTGTGTATTACTGTGCGAGAGAGGGGAAGTGTAACGATTTTTACTACTACATGGACGTCTGGGGCAAAGGGACCACGGTCACCGTC	AAAA1FFFFDADACGGGGG1FGHF3GHGHBG31E00FGF01ABGEEGGEGGGGCGGGEHGCECEGFGGHFGF1@FGHHGA/C1FFHGHHHHEHHAEEFGHBA/>/BCFCGH?E</ECCFH0CFFHF1CA/FCDDBFHFGHHHHHGGFFFFFF1HGF<<F<1HHGFEFCGHHGHHGF2FGFHGG2FCGGGFE?GGHHHFHGHGHHFHGHHHHHHBBBBBBBBBBBBBBBBBBBBBBBBBBBBBBBBBBBBBBBBBBBBBBBBBBBGHGGGGGFGGGGBBFFBBAAABBB	IGHV4-34*00(1003)	IGHD2-2*00(45),IGHD3-3*00(45)	IGHJ6*00(164)		309|532|553|0|223|SG331ASC335TSA404GSG406ASA481GSC488TSC508G|1003.0	"14|23|93|243|252||45.0;36|45|93|235|244||45.0"	40|76|83|252|288|SC55A|164.0		region_not_covered	region_not_covered	GGTGGGTCCTTCAGTGATTATTAC	16	TGGAGCTGGATCCGCCAGCCCCCAGGGAAGGGGCTGGAGTGGATTGGGGAA	14	ATCAATCATAGTGGGAACACC	16	AACTACAACCCGTCCCTCAAGAGTCGAGTCACCATATCAGTAGACACGTCCAAGAACCAGTTCTCCCTGAGGCTGAGTTCTGTGACCGCCGCGGACAGGGCTGTGTATTAC	14	TGTGCGAGAGAGGGGAAGTGTAACGATTTTTACTACTACATGGACGTCTGG	33	region_not_covered	region_not_covered	region_not_covered	GGSFSDYY	WSWIRQPPGKGLEWIGE	INHSGNT	NYNPSLKSRVTISVDTSKNQFSLRLSSVTAADRAVYY	CAREGKCNDFYYYMDVW	region_not_covered	:::::6:30:81:102:213:-1:223:243:17:-39:252:252:-20:264:::
48	1.0	2.2405449005198063E-5	CGCCAGATGCCCGGGAAAGGCCTGGAGTGGATGGGGATCATCTATCCTGGTGACTCTGATACCAGATACAGCCCGTCCTTCCAAGGCCAGGTCACCATCTCAGCCGACAAGTCCATCAGCACCGCCTACCTGCAGTGGAGCAGCCTGAAGGCCTCGGACACCGCCATGTATTACTGTGCGAAACGGGGGTATAGCAGCAGCTGGCCCACCCACTCCCTATACTACTTTGGCTACTGGGGCCAGGGAACCCTGGTC	AAABBCFFFFFFGGGGGGGGGGHGGGHHFGHHCFHGGGGHHHHHHGGHGHHHGHHHHHHHHHHHHGHHHHHH1EGGGGGHHHHHHGHHHHHHHHHHHHHGHGHHGHHHHHHHHHHHHHHHHGHHGHHGHHHHHHHHHHHHHHHHHHHHHHGGGEFHFGEFFGGFHHHHHHHFHHEEEEEEEEEEEEEEEEEEEEEEEEEEEEEEEEEEEEEEEEEEEEEEEEEEEEEEEEEEEEEEEGGGGGGFFFFCCFCCCCC	IGHV5-51*00(905)	IGHD6-13*00(90)	IGHJ4*00(164)		351|532|556|0|181||905.0	21|39|63|186|204||90.0	19|55|68|219|255|SA29G|164.0		region_not_covered	region_not_covered	region_not_covered	region_not_covered	region_not_covered	region_not_covered	ATCTATCCTGGTGACTCTGATACC	38	AGATACAGCCCGTCCTTCCAAGGCCAGGTCACCATCTCAGCCGACAAGTCCATCAGCACCGCCTACCTGCAGTGGAGCAGCCTGAAGGCCTCGGACACCGCCATGTATTAC	16	TGTGCGAAACGGGGGTATAGCAGCAGCTGGCCCACCCACTCCCTATACTACTTTGGCTACTGG	36	region_not_covered	region_not_covered	region_not_covered	region_not_covered	region_not_covered	IYPGDSDT	RYSPSFQGQVTISADKSISTAYLQWSSLKASDTAMYY	CAKRGYSSSWPTHSLYYFGYW	region_not_covered	:::::::39:63:174:-4:181:186:0:-3:204:219:1:237:::
49	1.0	2.2405449005198063E-5	GAATTGGGTCCGCCAGGCTCCAGGGAAGGGGCTGGCGTGGGTCTCAGGTATTAGTGGTAGCGGTGATAACACATACTACGCAGACTCCGTGAAGGGCCGGTTCAGCATCTCCAGAGACAATTCCAAGAACACGCTGTATCTGCAAATGAACAGCCTGCGAGCCGAGGACACGGCCGTGTATTACTGTGCGAAAGGCCGGCGTAGCAGTGCCTGGTACGGGTGGAGCGAGCTTGACTACTGGGGCCAGGGAACCC	>11A?1CAA11>1E1EAGAFF1A0AFFEEE0/AAE///A/EFHGFF20DAEEFFGF01FD1///>/222@1@FEGHBD1EEEC?C11BEH///1>?/<EE@/?HHHGGGDFFGHFFFFGGFHFHGHGGHC<?HGAHHHFGGFDHHGFGHHHHDCD@CGGEGEEFDGB?/>E///GGHHFFGBGF666666666666666666666666666666666666666666666666666666666GFBFFFBC>>>3>	IGHV3-23*00(810)	IGHD6-19*00(69)	IGHJ4*00(120)		361|555|576|0|194|SG363ASC364TSA396CSC408GST421CSG426ASG429ASC465GSA518CSA538G|810.0	26|43|63|201|218|SG34C|69.0	26|50|68|230|254||120.0		region_not_covered	region_not_covered	region_not_covered	region_not_covered	region_not_covered	region_not_covered	ATTAGTGGTAGCGGTGATAACACA	14	TACTACGCAGACTCCGTGAAGGGCCGGTTCAGCATCTCCAGAGACAATTCCAAGAACACGCTGTATCTGCAAATGAACAGCCTGCGAGCCGAGGACACGGCCGTGTATTAC	14	TGTGCGAAAGGCCGGCGTAGCAGTGCCTGGTACGGGTGGAGCGAGCTTGACTACTGG	21	region_not_covered	region_not_covered	region_not_covered	region_not_covered	region_not_covered	ISGSGDNT	YYADSVKGRFSISRDNSKNTLYLQMNSLRAEDTAVYY	CAKGRRSSAWYGWSELDYW	region_not_covered	:::::::49:73:184:-1:194:201:-5:1:218:230:-6:241:::
50	1.0	2.2405449005198063E-5	GGCGTGGTCCAGCCTGGGAGGTCCCAGAGACTCTCCTGTGCAGCCTCTGGATTCACCTTCAGTAACTATGCCATACACTGGGTCCGCCAGGCTCCAGGCAAGGGGCTGGAGTGGGTGGCAGTTTTCTCATATGATGGAACTCATAAATACT,TCTCCAGAGACAATTCCAAGAACACGGTGTTTCTGCAAATGAACAGCCTGAGAGCTGAGGACACGGCTGTGTATTACTGTGCGAAAGGCGCCGTGGCATGGGTGGTAGCTGGTACTCCGTTTGACTACTAGGGCCAGGGAACCCTGGTCAC	BBBCABCCFFFFGGGGGGGGGGHHHHHHHHHHHHHHHHHHHHHHHHHHHHGHHHHHHHHHHHHHHHHHHHHHHHHHHHHHHHHHHGGGGGHHHHGHHHHHHGGGGGGGGHHGHGHFGGHHGGHGHHHHHHHHHHHHHHHHHHHHHHHHHHH,FHHHHHHHHGF@@D@HHHHHHHHHGGHHHHHHHHHHHHHHHHHHHHHHHHHHHHHHHHHHHGGGHHHHHHHHHHHHHGGGGGGGGGGGGGGGGGGGGGGGGGGGGGGGGGGGGGGGGGGGGGGGGGGGGGGGGGGGGGGFFDCFFFDDEDE	IGHV3-30*00(1030)	IGHD2-15*00(79)	IGHJ4*00(144)		285|436|574|0|151|ST310ASG349ASG355CSG359ASA408TSA410CSG424CSA426C|627.0,466|553|574|0|87|SC492GSA496T|403.0	,44|63|93|100|119|SC55G|79.0	,25|57|68|119|151|SG35A|144.0		region_not_covered	region_not_covered	GGATTCACCTTCAGTAACTATGCC	38	ATACACTGGGTCCGCCAGGCTCCAGGCAAGGGGCTGGAGTGGGTGGCAGTT	37	TTCTCATATGATGGAACTCATAAA	38	region_not_covered	region_not_covered	TGTGCGAAAGGCGCCGTGGCATGGGTGGTAGCTGGTACTCCGTTTGACTACTAG	38	region_not_covered	region_not_covered	region_not_covered	GFTFSNYA	IHWVRQAPGKGLEWVAV	FSYDGTHK	region_not_covered	CAKGAVAWVVAGTPFDY*	region_not_covered	:::::48:72:123:147:::::::::::::,:::::::::77:-1:87:100:-13:1:119:119:-5:131:::
51	1.0	2.2405449005198063E-5	GTCTGGGGGAGGCGTGGTCCAGCCTGGGAGGTCCCAGAGACTCTCCTGTGCAGCCTCTGGATTCACCTTCAGTAACTATGCCATACACTGGGTCCGCCAGGCTCCAGGCAAGGGGCTGGAGTGGGTGGCAGTTTTCTCATATGATGGAACT,GATTTACCATCTCCAGAGACAATTCCAAGAACACGGTGTTTCTGCAAATGAACAGCCTGAGAGCTGAGGACACGGCTGTGTATTACTGTGCGAAAGGCGCCGTGGCATGGGTGGTAGCTGGTACTCCGGCATGGACGTCTGGGGCCAAGGG	BBCCCFFCCCCCGGGGGGGGGGHGHHHGHGGGFHHHHHHHHHHHHHHHHHHHHHHHHHHHHHHHHHHHHHHHHHHHHHHHGHHHHHHHHHHHHHHGGGGGHHHHGHHGHHHGGGGGGGGHHHHGHGGGHHGHHHHHHHHHHHHHHHHHHHH,HHHHHHHHHHHGHHHHHHHHHHHHHHHHHHHHGGGHHHHHHHHHHHHHHHHHHHHHHGHHHHHHHHHHHHGGGHHHHHHHHHHHHHBBBBBBBBBBBBBBBBBBBBBBBBBBBBBBBBBBBBBBBBBBBBBBBBBBBBBBBBFFFFCCCBA	IGHV3-30*00(1075)	IGHD2-15*00(55)	IGHJ6*00(118)		275|426|574|0|151|ST310ASG349ASG355CSG359ASA408TSA410CSG424C|643.0,457|553|574|0|96|SC461TSC492GSA496T|432.0	,44|55|93|109|120||55.0	,31|61|83|121|151|SA35CST39C|118.0		region_not_covered	region_not_covered	GGATTCACCTTCAGTAACTATGCC	38	ATACACTGGGTCCGCCAGGCTCCAGGCAAGGGGCTGGAGTGGGTGGCAGTT	38	region_not_covered	region_not_covered	region_not_covered	region_not_covered	TGTGCGAAAGGCGCCGTGGCATGGGTGGTAGCTGGTACTCCGGCATGGACGTCTGG	33	region_not_covered	region_not_covered	region_not_covered	GFTFSNYA	IHWVRQAPGKGLEWVAV	region_not_covered	region_not_covered	CAKGAVAWV_SWYSGMDVW	region_not_covered	:::::58:82:133::::::::::::::,:::::::::86:-1:96:109:-13:-7:120:121:-11:142:::
52	1.0	2.2405449005198063E-5	AGACTCTCCTGTGCAGCCTCTGGATTCACCTTCAGTAACTATGCCATACACTGGGTCCGCCAGGCTCCAGGCAAGGGGCTGGAGTGGGTGGCAGTTTTCTCATATGATGGAACTCATAAATACTATGCAGACTCCGTGAAGGGCCGATTTA,CCAGAGACAATTCCAAGAACACGGTGTTTCTGCAAATGAACAGCCTGAGAGCTGAGGACACGGCTGTGTATTACTGTGCGAAAGGCGCCGTGGCATGGGCGGTAGCTGGTACTCCGTTTGACTACTGGGGCCAGGGAACCCTGGTCACCGT	BCBCCFFFFFFFGGGGGGGGGGFHHHHHHHHHFHHHHHHHHHHHGHHHHHHHGHHHHHGGGGGHHHHGHHHHGHGGGGGGGGFEBFFHEFGHGGHHHHGHHHHHHHHHHGHHFHHHHHHGHHHHHHHHHHHHGHHGHGGGHGGGGGGGGGH,FHHHHGHHHGHFHHFFFHCGGGGHHHHHGGHGHHHHHGGGHGHGHGHGHHHFHHHHHGFGGFFHHEGHFHGGHHAAAAAAAAAAAAAAAAAAAAAAAAAAAAAAAAAAAAAAAAAAAAAAAAAAAAAAHFFGFGFGGGGAFFFFAAA?BBB	IGHV3-30*00(1015)	IGHD2-15*00(64)	IGHJ4*00(175)		312|463|574|0|151|SG349ASG355CSG359ASA408TSA410CSG424CSA426CSC461T|627.0,469|553|574|0|84|SC492GSA496T|388.0	,47|63|93|100|116|SC55G|64.0	,25|60|68|116|151||175.0		region_not_covered	region_not_covered	GGATTCACCTTCAGTAACTATGCC	37	ATACACTGGGTCCGCCAGGCTCCAGGCAAGGGGCTGGAGTGGGTGGCAGTT	33	TTCTCATATGATGGAACTCATAAA	37	region_not_covered	region_not_covered	TGTGCGAAAGGCGCCGTGGCATGGGCGGTAGCTGGTACTCCGTTTGACTACTGG	32	region_not_covered	region_not_covered	region_not_covered	GFTFSNYA	IHWVRQAPGKGLEWVAV	FSYDGTHK	region_not_covered	CAKGAVAWAVAGTPFDYW	region_not_covered	:::::21:45:96:120:::::::::::::,:::::::::74:-1:84:100:-16:1:116:116:-5:128:::
53	1.0	2.2405449005198063E-5	GTTTTCTCATATGATGGAACTCATAAATACTATGCAGACTCCGTGAAGGGCCGATTTACCATCTCCAGAGACAATTCCAAGAACACGGTGTTTCTGCAAATGAACAGCCTGAGAGCTGAGGACACGGCTGTGTATTACTGTGCGAAAGGCGCCGTGACATGGGTGGTAGCTGGTACTCCGTTTGACTACTGGGGCCAAGGGACCAC	AAAABFFFFFFFGFGGGGFGGGGHHHHHHHHHHGGHHHHHGGEFGGEGFDAEGGEHGHHFFHHHHHHHHHHHHEHFHFHHHHGHHHGHHFHHHHHHHHHHHHHHHHGHHHHHHHHHHHHHHGHHHHGGFHHHHHHHHHCCCCCCCCCCCCCCCCCCCCCCCCCCCCCCCCCCCCCCCCCCCCCCCCCCCCCCGGFFFFFFFBBBBB	IGHV3-30*00(628)	IGHD2-15*00(79)	IGHJ6*00(90)		405|553|574|0|148|SA408TSA410CSG424CSA426CSC461TSC492GSA496T|628.0	44|63|93|161|180|SC55G|79.0	48|66|83|188|206||90.0		region_not_covered	region_not_covered	region_not_covered	region_not_covered	region_not_covered	region_not_covered	TTCTCATATGATGGAACTCATAAA	32	TACTATGCAGACTCCGTGAAGGGCCGATTTACCATCTCCAGAGACAATTCCAAGAACACGGTGTTTCTGCAAATGAACAGCCTGAGAGCTGAGGACACGGCTGTGTATTAC	32	TGTGCGAAAGGCGCCGTGACATGGGTGGTAGCTGGTACTCCGTTTGACTACTGG	34	region_not_covered	region_not_covered	region_not_covered	region_not_covered	region_not_covered	FSYDGTHK	YYADSVKGRFTISRDNSKNTVFLQMNSLRAEDTAVYY	CAKGAVTWVVAGTPFDYW	region_not_covered	:::::::3:27:138:-1:148:161:-13:1:180:188:-28:192:::
54	1.0	2.2405449005198063E-5	GGCATGCACTGGGTCCGCCAGGCTCCAGGCAAGGGGCTGGAGTGGGTGGCAGTTATATCATTTGATGGAATTAACAAAAACTATGGAGACTCCGTGAGGGGCCGATTCACCGTCTCCAGAGACAATTCCGAGAACACCGTGTATCTTCAGATGAAGGGCCTGAGAGTTGAAGACACGGCTGTATATTATTGTGCAAGAGTCTCCTTGGGGGGCGAGTTCCCTTCTTTCCGCTACTACGGCATGGACGTCTGGGGCCAAGGGAACCC	AAAABFFFFFFFGGGEGGGGGGGCGGGHHHHHGGGGGGGGHHHHGHEEEFHEGHHHFHHHHHHHHHHGHHHHHHHHHHHHGHHHGHFHHGHHHGHGGGHGEGGEGGGGHHHGHGHHHHHHHHHHHHHHHCHGEGHGHGHHHHFHHHHHHHHHHHHEFGGHHHHHGDHHHHFFHEEE?BHFFGHHHHGDBAAAAAAAAAAAAAAAAAAAAAAAAAAAAAAAAAAAAAAAAAAAAAAAAAAAAAAAAAAAAAAAGGFFFFFFC>>33>	IGHV3-30*00(682)	IGHD3-16*00(35),IGHD1-7*00(30)	IGHJ6*00(132)		354|548|574|0|194|SA415TSG424TST428CST432ASC439GSA451GSA465GSA483GSG491CSC492GSG500TSA503GSC509GSA510GSC520TSG524ASG536ASC542T|682.0	"52|59|111|204|211||35.0;2|8|51|214|220||30.0"	30|66|83|230|266|ST39CSC62ASA64C|132.0		region_not_covered	region_not_covered	region_not_covered	region_not_covered	ATGCACTGGGTCCGCCAGGCTCCAGGCAAGGGGCTGGAGTGGGTGGCAGTT	32	ATATCATTTGATGGAATTAACAAA	37	AACTATGGAGACTCCGTGAGGGGCCGATTCACCGTCTCCAGAGACAATTCCGAGAACACCGTGTATCTTCAGATGAAGGGCCTGAGAGTTGAAGACACGGCTGTATATTAT	30	TGTGCAAGAGTCTCCTTGGGGGGCGAGTTCCCTTCTTTCCGCTACTACGGCATGGACGTCTGG	32	region_not_covered	region_not_covered	region_not_covered	region_not_covered	MHWVRQAPGKGLEWVAV	ISFDGINK	NYGDSVRGRFTVSRDNSENTVYLQMKGLRVEDTAVYY	CARVSLGGEFPSFRYYGMDVW	region_not_covered	::::::3:54:78:189:-6:194:204:-15:-15:211:230:-10:252:::
55	1.0	2.2405449005198063E-5	GTAGCAGTCAGGTCCAGGACTGGTGAAGCCCTCGCAGACCCTCTCACTCACCTGTGCCATCTCCGGGGACAGTGTCTCTAGCAACAGTGCTGCTTGGAACTGGATCAGGCAGTCCCCATCGAGAGGCCTTGAGTGGCTGGGAAGGACATAC,ACACATCCAAGAACCAGTTCTCCCTGCAGCTGAACTCTGTGACTCCCGAGGACACGGCTGTGTATTACTGTGCAAGAGGGCCCCCCCCCTCTTAGTGGGAGCTACACCACGGTCGGATACTGGTACTTCAATCTCTGGGGCCGTGGAACCC	AAAAAFFFFFFFGGGGGGGGGGHHHHHHHHHHHGGGGGHHHHHHHHHHHHHHHHHHHHHHHHHHGGGGGGGGHHHHHHHHHHHHHHHGHHHHHHGHGHHHHHHHHHHGHHHGHHHHHHHHGHGHGGGGHHHFHGHGGHGGGHHGGFHHHHF,BFFFFFFFFFFFFFFFFFFFFFFFFFFFFFFFFFFFFFFFFFFFFFFFFFFFFFFFFFFFFFFFFFFFFFFFFFFFFFFFFFFFFFFFFFFFFFFFFFFFFFFFFFFFFFFFFFFFFFFFFFFFFFFFFFFFFFFFFFGDCDFFFFBCCBB	IGHV6-1*00(1129)	IGHD1-26*00(65)	IGHJ2*00(138)		254|405|568|0|151|SC255T|739.0,469|547|568|0|78||390.0	,24|37|60|92|105||65.0	,21|55|73|117|151|SG33ASC50A|138.0		region_not_covered	region_not_covered	GGGGACAGTGTCTCTAGCAACAGTGCTGCT	38	TGGAACTGGATCAGGCAGTCCCCATCGAGAGGCCTTGAGTGGCTGGGAAGG	37	region_not_covered	region_not_covered	region_not_covered	region_not_covered	TGTGCAAGAGGGCCCCCCCCCTCTTAGTGGGAGCTACACCACGGTCGGATACTGGTACTTCAATCTCTGG	37	region_not_covered	region_not_covered	region_not_covered	GDSVSSNSAA	WNWIRQSPSRGLEWLGR	region_not_covered	region_not_covered	CARGPPPS*WEL_TTVGYWYFNLW	region_not_covered	:::::64:94:145::::::::::::::,:::::::::68:-1:78:92:-4:-3:105:117:-1:138:::
56	1.0	2.2405449005198063E-5	AGAGACAATTCCGGGAACACCGTGTATCTTCAGATGAAGGGCCTGAGAGTTGAAGACACGGCTGTATATTATTGCGCGAGAGTCTCCTTGGGGGGTGAGTTCCTTTCTTTCGGCTACTACGGCATGGGCGTCTGGGGCCAAGGGACCACGG	HHHHHHFEFCGGHGFGGHFGEHGHHHHHHHHHHGHHHHGFGHHHHHGHHHHHHHHHFFGHHFHHHHHHHGGGEEEEEEEEEEEEEEEEEEEEEEEEEEEEEEEEEEEEEEEEEEEEEEEEEEEEEEEEEEEEEEEGGGGFFFFFBBBBBBB	IGHV3-66*00(218)	IGHD3-16*00(35),IGHD1-7*00(30)	IGHJ6*00(158)		468|550|571|0|82|SA480GSA481GSG488CSC489GSA500GSC506GSA507GSC517TSG521ASG533ASC539TST542C|218.0	"52|59|111|87|94||35.0;2|8|51|97|103||30.0"	30|68|83|113|151|ST39CSA44G|158.0		region_not_covered	region_not_covered	region_not_covered	region_not_covered	region_not_covered	region_not_covered	region_not_covered	region_not_covered	region_not_covered	region_not_covered	TGCGCGAGAGTCTCCTTGGGGGGTGAGTTCCTTTCTTTCGGCTACTACGGCATGGGCGTCTGG	36	region_not_covered	region_not_covered	region_not_covered	region_not_covered	region_not_covered	region_not_covered	region_not_covered	CARVSLGGEFLSFGYYGMGVW	region_not_covered	:::::::::72:-1:82:87:-15:-15:94:113:-10:135:::
57	1.0	2.2405449005198063E-5	CGACAGGCCCCTGGACAAGGGCTTGAGTGGATGGGATGGATCGATACCAACACTGGGAACCCAACGTATGCCCAGGGCTTCACAGGACGGTTTGTCTTCTCCTTGGACACTTCTGTCAGCACGGCATACCTGCAGATCAACAGCCTAGAGGCTGATGACACTGCCGTGTATTACTGCGCGAAACCCGTGCCTACTACGGAGAATGCTTTCGATTTCTGGGGCCAAGGGACAATGG	AAAAADA1A1>AFCFGGGGGCCFHGGHGGFFFHCCBF/F0AFECGGEHHHGGGEH0AFHEGCGHGCHGHGHGGHE/ECCFGHEGFGFGGHHHGHHHHHHGGHHHHHHHGHHGHHGGHGHHGHHFHHGHHHHHHHHGHHGHHGBHHGHHGHHHGFDHGGHHGGGGGHGHHHHFGGDDDDDDDDDDDDDDDDDDDDDDDDDDDDDDDDDDDDDDDDDDDDDGGGGFFFFFFFBBAAB	IGHV7-4-1*00(761)	IGHD1-26*00(40),IGHD2-15*00(39),IGHD3-22*00(35)	IGHJ3*00(133)		352|533|557|0|181|SA394GSC396TSC462TST480CST490ASG491ASA499GSG507TST528C|761.0	"33|41|60|190|198||40.0;55|66|93|190|201|SC60A|39.0;56|63|93|191|198||35.0"	22|55|70|202|235|ST29CSA33T|133.0		region_not_covered	region_not_covered	region_not_covered	region_not_covered	region_not_covered	region_not_covered	ATCGATACCAACACTGGGAACCCA	15	ACGTATGCCCAGGGCTTCACAGGACGGTTTGTCTTCTCCTTGGACACTTCTGTCAGCACGGCATACCTGCAGATCAACAGCCTAGAGGCTGATGACACTGCCGTGTATTAC	14	TGCGCGAAACCCGTGCCTACTACGGAGAATGCTTTCGATTTCTGG	35	region_not_covered	region_not_covered	region_not_covered	region_not_covered	region_not_covered	IDTNTGNP	TYAQGFTGRFVFSLDTSVSTAYLQINSLEADDTAVYY	CAKPVPTTENAFDFW	region_not_covered	:::::::39:63:174:-4:181:190:-13:1:198:202:-2:219:::
58	1.0	2.2405449005198063E-5	GTGTGGGTCTCACATATTAATAATGATGGGAGTAGCACAAGCTACGCGGACTCCGTGAAGGGCCGATTCACCATCTCCAGAGACAACGCCAAGAACACGCTGCATCTGCAAATGAACGGTCTGAGAGCCGAGGACACGGCTGTGTATTACAGTGCAAGAGTTTCTATCGGCCTGGGCGATTTTTGGAGTGGTTACGTCGACTACTACTACGGTATGGACGTCTGGGGC	CCCCCCCCFFFFGGGGGGGGGGHHHHHHGHHGGHHHHHHHHHHHHGGGGGGGHHGHGGGHHGGGGGGGHHHHHHHHHHHHHHHHHHHHHHHHHHHHHHHHHHHHHHHHHHHHHHHGHHHHHGHHHHHHHHHHGHHHHHHHGHHHHHHHHHBBBBBBBBBBBBBBBBBBBBBBBBBBBBBBBBBBBBBBBBBBBBBBBBBBBBBBBBBBBBBBBBBBBBBBBBBBBCBB	IGHV3-74*00(720)	IGHD3-3*00(90)	IGHJ6*00(145)		395|555|576|0|160|SG408ASG417AST497CSA512GST545A|720.0	37|55|93|176|194||90.0	26|55|83|199|228||145.0		region_not_covered	region_not_covered	region_not_covered	region_not_covered	region_not_covered	region_not_covered	ATTAATAATGATGGGAGTAGCACA	38	AGCTACGCGGACTCCGTGAAGGGCCGATTCACCATCTCCAGAGACAACGCCAAGAACACGCTGCATCTGCAAATGAACGGTCTGAGAGCCGAGGACACGGCTGTGTATTAC	38	AGTGCAAGAGTTTCTATCGGCCTGGGCGATTTTTGGAGTGGTTACGTCGACTACTACTACGGTATGGACGTCTGG	33	region_not_covered	region_not_covered	region_not_covered	region_not_covered	region_not_covered	INNDGSST	SYADSVKGRFTISRDNAKNTLHLQMNGLRAEDTAVYY	SARVSIGLGDFWSGYVDYYYGMDVW	region_not_covered	:::::::15:39:150:-1:160:176:-6:-7:194:199:-6:225:::
