Lineage ID;Functionality;Productive Frequency;Unproductive Frequency;Variable;Joining;CDR3 AA;CDR3 NT;Diversity;Plus Counts;Minus Counts;Variable Mutation;Total Counts;Frequency;Rank;Isotype;Variable Gene Allele;Diversity Gene Allele;Joining Gene Allele;Isotype Allele;Sequence;Reference Sequence;Variable Gene SHM Locations;FR1 NT;CDR1 NT;FR2 NT;CDR2 NT;FR3 NT;FR1 AA;CDR1 AA;FR2 AA;CDR2 AA;FR3 AA
1;Productive;0.663497;;IGHV7-4-1;IGHJ6;ARPVPTTENAFDF;GCGAGACCCGTGCCTACTACGGAGAATGCTTTCGATTTC;IGHD1-26;76260;78084;0.051;154344;0.6491588156123822;1;;2;1;2;;CAGGTGCAGCTGGTGCAATCTGGGTCTGAGTTGAAGAAGCCTGGGGCCTCGGTGAAGGTTTCCTGCAAGACTTCTGGATACACTTTCAGAACCCATGTTATGAATTGGGTGCGACAGGCCCCTGGACAAGGGCTTGAGTGGATGGGATGGATCGATACCAACACTGGGAACCCAACGTATGCCCAGGGCTTCACAGGACGGTTTGTCTTCTCCTTGGACACTTCTGTCAGCACGGCATACCTGCAGATCAACAGCCTAGAGGCTGATGACACTGCCGTGTATTACTGTGCGAGACCCGTGCCTACTACGGAGAATGCTTTCGATTTCTGGGGCCAAGGGACCACGGTCACCGTCTCCTCA;CAGGTGCAGCTGGTGCAATCTGGGTCTGAGTTGAAGAAGCCTGGGGCCTCAGTGAAGGTTTCCTGCAAGGCTTCTGGATACACCTTCACTAGCTATGCTATGAATTGGGTGCGACAGGCCCCTGGACAAGGGCTTGAGTGGATGGGATGGATCAACACCAACACTGGGAACCCAACGTATGCCCAGGGCTTCACAGGACGGTTTGTCTTCTCCTTGGACACCTCTGTCAGCACGGCATATCTGCAGATCAGCAGCCTAAAGGCTGAGGACACTGCCGTGTATTACTGTGCGAGA-------CTACTAC-----------------TCTGGGGCCAAGGGACCACGGTCACCGTCTCCTCA;21T;;;;;;;;;;
2;Productive;0.09331877;;IGHV1-69;IGHJ5;AREGERFLEWSPYNWFDP;GCGAGAGAGGGTGAGCGATTTTTGGAGTGGTCCCCTTACAACTGGTTCGACCCC;IGHD3-3;309;21399;0.0;21708;0.0913021534320323;2;;1;1;2;;CAGGTGCAGCTGGTGCAGTCTGGGGCTGAGGTGAAGAAGCCTGGGTCCTCGGTGAAGGTCTCCTGCAAGGCTTCTGGAGGCACCTTCAGCAGCTATGCTATCAGCTGGGTGCGACAGGCCCCTGGACAAGGGCTTGAGTGGATGGGAGGGATCATCCCTATCTTTGGTACAGCAAACTACGCACAGAAGTTCCAGGGCAGAGTCACGATTACCGCGGACGAATCCACGAGCACAGCCTACATGGAGCTGAGCAGCCTGAGATCTGAGGACACGGCCGTGTATTACTGTGCGAGAGAGGGTGAGCGATTTTTGGAGTGGTCCCCTTACAACTGGTTCGACCCCTGGGGCCAGGGAACCCTGGTCACCGTCTCCTCA;CAGGTGCAGCTGGTGCAGTCTGGGGCTGAGGTGAAGAAGCCTGGGTCCTCGGTGAAGGTCTCCTGCAAGGCTTCTGGAGGCACCTTCAGCAGCTATGCTATCAGCTGGGTGCGACAGGCCCCTGGACAAGGGCTTGAGTGGATGGGAGGGATCATCCCTATCTTTGGTACAGCAAACTACGCACAGAAGTTCCAGGGCAGAGTCACGATTACCGCGGACGAATCCACGAGCACAGCCTACATGGAGCTGAGCAGCCTGAGATCTGAGGACACGGCCGTGTATTACTGTGCGAGAGA-------CGATTTTTGGAGTGGT------ACAACTGGTTCGACCCCTGGGGCCAGGGAACCCTGGTCACCGTCTCCTCA;;GGTGAAGGTCTCCTGCAAGGCTTCTGGAGGCACCTTCAGCAGCTATGCTATCAGCTGGGTGCGACAGGCCCCTG;ACAAGGGCTTGAGTGGATGGGAG;GATCATCCCTATCTTTGGTACAGCAAACTACGCACAGAAGTTCCAGGGCA;AGTCACGATTACCGCGGACGAAT;CAGGTGCAGCTGGTGCAGTCTGGGGCTGAGGTGAAGAAGCCTGGGTCCTCGGTGAAGGTCTCCTGCAAGGCTTCTGGAGGCACCTTCAGCAGCTATGCTATCAGCTGGGTGCGACAGGCCCCTGGACAAGGGCTTGAGTGGATGGGAGGGATCATCCCTATCTTTGGTACAGCAAACTACGCACAGAAGTTCCAGGGCAGAGTCACGATTACCGCGGACGAATCCACGAGCACAGCCTACATGGAGCTGAGCAGCCTGAGATCTGAGGACACGGCCGTGTATTACTGT;VKVSCKASGGTFSSYAISWVRQAP;QGLEWMG;IIPIFGTANYAQKFQG;VTITADE;QVQLVQSGAEVKKPGSSVKVSCKASGGTFSSYAISWVRQAPGQGLEWMGGIIPIFGTANYAQKFQGRVTITADESTSTAYMELSSLRSEDTAVYYC
3;Productive;0.07951097;;IGHV4-39;IGHJ6;ARQAQKLRYFDCPGGTTTWTSG;GCGAGACAGGCCCAAAAATTACGATATTTTGACTGCCCAGGTGGTACTACTACATGGACGTCTGGG;IGHD3-9;4702;13794;0.0;18496;0.07779273216689098;3;;1;1;3;;CAGCTGCAGCTGCAGGAGTCGGGCCCAGGACTGGTGAAGCCTTCGGAGACCCTGTCCCTCACCTGCACTGTCTCTGGTGGCTCCATCAGCAGTAGTAGTTACTACTGGGGCTGGATCCGCCAGCCCCCAGGGAAGGGGCTGGAGTGGATTGGGAGTATCTATTATAGTGGGAGCACCTACTACAACCCGTCCCTCAAGAGTCGAGTCACCATATCCGTAGACACGTCCAAGAACCAGTTCTCCCTGAAGCTGAGCTCTGTGACCGCCGCAGACACGGCTGTGTATTACTGTGCGAGACAGGCCCAAAAATTACGATATTTTGACTGCCCAGGTGGTACTACTACATGGACGTCTGGGGCAAAGGGACCACGGTCACCGTCTCCTC;CAGCTGCAGCTGCAGGAGTCGGGCCCAGGACTGGTGAAGCCTTCGGAGACCCTGTCCCTCACCTGCACTGTCTCTGGTGGCTCCATCAGCAGTAGTAGTTACTACTGGGGCTGGATCCGCCAGCCCCCAGGGAAGGGGCTGGAGTGGATTGGGAGTATCTATTATAGTGGGAGCACCTACTACAACCCGTCCCTCAAGAGTCGAGTCACCATATCCGTAGACACGTCCAAGAACCAGTTCTCCCTGAAGCTGAGCTCTGTGACCGCCGCAGACACGGCTGTGTATTACTGTGCGAGACA---------ATTACGATATTTTGACTG---------TACTACTACATGGACGTCTGGGGCAAAGGGACCACGGTCACCGTCTCCTC;;GACTGGTGAAGCCTTCGGAGACCCTGTCCCTCACCTGCACTGTCTCTGGTGGCTCCATCAGCAGTAGTAGTTAC;ACTGGGGCTGGATCCGCCAGCCCCCAGGG;AGGGGCTGGAGTGGATTGGGAGTATCTATTATAGTGGGAGCACCTACTAC;ACCCGTCCCTCAAGAGTCGA;CAGCTGCAGCTGCAGGAGTCGGGCCCAGGACTGGTGAAGCCTTCGGAGACCCTGTCCCTCACCTGCACTGTCTCTGGTGGCTCCATCAGCAGTAGTAGTTACTACTGGGGCTGGATCCGCCAGCCCCCAGGGAAGGGGCTGGAGTGGATTGGGAGTATCTATTATAGTGGGAGCACCTACTACAACCCGTCCCTCAAGAGTCGAGTCACCATATCCGTAGACACGTCCAAGAACCAGTTCTCCCTGAAGCTGAGCTCTGTGACCGCCGCAGACACGGCTGTGTATTACTGT;GLVKPSETLSLTCTVSGGSISSSSY;YWGWIRQPPG;KGLEWIGSIYYSGSTYY;NPSLKSR;QLQLQESGPGLVKPSETLSLTCTVSGGSISSSSYYWGWIRQPPGKGLEWIGSIYYSGSTYYNPSLKSRVTISVDTSKNQFSLKLSSVTAADTAVYYC
4;Productive;0.07053073;;IGHV5-51;IGHJ4;ARRGYSSSWPTHSLYYFDY;GCGAGACGGGGGTATAGCAGCAGCTGGCCCACCCACTCCCTGTACTACTTTGACTAC;IGHD6-13;4447;11960;0.003;16407;0.06900656123822342;4;;1;1;2;;GAGGTGCAGCTGGTGCAGTCTGGAGCAGAGGTGAAAAAGCCCGGGGAGTCTCTGAAGATCTCCTGTAAGGGTTCTGGATACAGCTTTACCAACTACTGGATCGGCTGGGTGCGCCAGATGCCCGGGAAAGGCCTGGAGTGGATGGGGATCATCTATCCTGGTGACTCTGATACCAGATACAGCCCGTCCTTCCAAGGCCAGGTCACCATCTCAGCCGACAAGTCCATCAGCACCGCCTACCTGCAGTGGAGCAGCCTGAAGGCCTCGGACACCGCCATGTATTACTGTGCGAGACGGGGGTATAGCAGCAGCTGGCCCACCCACTCCCTGTACTACTTTGACTACTGGGGCCAGGGAACCCTGGTCACCGTCTCCTCA;GAGGTGCAGCTGGTGCAGTCTGGAGCAGAGGTGAAAAAGCCCGGGGAGTCTCTGAAGATCTCCTGTAAGGGTTCTGGATACAGCTTTACCAGCTACTGGATCGGCTGGGTGCGCCAGATGCCCGGGAAAGGCCTGGAGTGGATGGGGATCATCTATCCTGGTGACTCTGATACCAGATACAGCCCGTCCTTCCAAGGCCAGGTCACCATCTCAGCCGACAAGTCCATCAGCACCGCCTACCTGCAGTGGAGCAGCCTGAAGGCCTCGGACACCGCCATGTATTACTGTGCGAGAC--GGGTATAGCAGCAGCTGG----------------ACTACTTTGACTACTGGGGCCAGGGAACCCTGGTCACCGTCTCCTCA;196A;ATGCCCGGGAAAGGCCTGGAGTGGATGGGGATCATCTATCCTGGTGACTCTGATACCAGATACAGCCCGTCCTT;CAAGGCCAGGTCACCATCTCAGC;GACAAGTCCATCAGCACCGCCTACCTGCAGTGGAGCAGCCTGAAGGCCTC;GACACCGCCATGTATTACTGTGC;GAGGTGCAGCTGGTGCAGTCTGGAGCAGAGGTGAAAAAGCCCGGGGAGTCTCTGAAGATCTCCTGTAAGGGTTCTGGATACAGCTTTACCAACTACTGGATCGGCTGGGTGCGCCAGATGCCCGGGAAAGGCCTGGAGTGGATGGGGATCATCTATCCTGGTGACTCTGATACCAGATACAGCCCGTCCTTCCAAGGCCAGGTCACCATCTCAGCCGACAAGTCCATCAGCACCGCCTACCTGCAGTGGAGCAGCCTGAAGGCCTCGGACACCGCCATGTATTACTGT;MPGKGLEWMGIIYPGDSDTRYSPSF;QGQVTISA;DKSISTAYLQWSSLKAS;DTAMYYCA;EVQLVQSGAEVKKPGESLKISCKGSGYSFTNYWIGWVRQMPGKGLEWMGIIYPGDSDTRYSPSFQGQVTISADKSISTAYLQWSSLKASDTAMYYC
5;Productive;0.04910112;;IGHV7-4-1;IGHJ6;ARPCLLRRMLSISG;GCGAGACCGTGCCTACTACGGAGAATGCTTTCGATTTCTGGG;IGHD1-26;11315;107;0.051;11422;0.048040040376850605;5;;2;1;2;;CAGGTGCAGCTGGTGCAATCTGGGTCTGAGTTGAAGAAGCCTGGGGCCTCGGTGAAGGTTTCCTGCAAGACTTCTGGATACACTTTCAGAACCCATGTTATGAATTGGGTGCGACAGGCCCCTGGACAAGGGCTTGAGTGGATGGGATGGATCGATACCAACACTGGGAACCCAACGTATGCCCAGGGCTTCACAGGACGGTTTGTCTTCTCCTTGGACACTTCTGTCAGCACGGCATACCTGCAGATCAACAGCCTAGAGGCTGATGACACTGCCGTGTATTACTGTGCGAGACCGTGCCTACTACGGAGAATGCTTTCGATTTCTGGGGCCAAGGGACCACGGTCACCGTCTCCTC;CAGGTGCAGCTGGTGCAATCTGGGTCTGAGTTGAAGAAGCCTGGGGCCTCAGTGAAGGTTTCCTGCAAGGCTTCTGGATACACCTTCACTAGCTATGCTATGAATTGGGTGCGACAGGCCCCTGGACAAGGGCTTGAGTGGATGGGATGGATCAACACCAACACTGGGAACCCAACGTATGCCCAGGGCTTCACAGGACGGTTTGTCTTCTCCTTGGACACCTCTGTCAGCACGGCATATCTGCAGATCAGCAGCCTAAAGGCTGAGGACACTGCCGTGTATTACTGTGCGAGA------CTACTAC-----------------TCTGGGGCCAAGGGACCACGGTCACCGTCTCCTC;21T;;;;;;;;;;
6;Productive;0.02724592;;IGHV3-30;IGHJ6;ARVSLGGEFLSFRYYGMDV;GCGAGAGTCTCCTTGGGGGGTGAGTTCCTTTCTTTCCGCTACTACGGCATGGACGTC;IGHD3-16;3463;2875;0.105;6338;0.026657133243607;6;;3;1;2;;CAGGGGCAACTAGTGGAGTCGGGGGGAGCCGGGGTCCAGCCTGGGAGGACCCTGACACTCTCCTGTGCAGCTTCTGGATTCACCTTCTCTACTTATGGCATGCACTGGGTCCGCCAGGCTCCAGGCAAGGGGCTGGAGTGGGTGGCAGTTATATCATTTGATGGAATTAACAAAAACTATGGAGACTCCGTGAGGGGCCGATTCACCGTCTCCAGAGACAATTCCGAGAACACCGTGTATCTTCAGATGAAGGGCCTGAGAGTTGAAGACACGGCTGTATATTATTGTGCGAGAGTCTCCTTGGGGGGTGAGTTCCTTTCTTTCCGCTACTACGGCATGGACGTCTGGGGCCAAGGGACCACGGTCACCGTCTCCTC;CAGGTGCAGCTGGTGGAGTCTGGGGGAGGCGTGGTCCAGCCTGGGAGGTCCCTGAGACTCTCCTGTGCAGCCTCTGGATTCACCTTCAGTAGCTATGGCATGCACTGGGTCCGCCAGGCTCCAGGCAAGGGGCTGGAGTGGGTGGCAGTTATATCATATGATGGAAGTAATAAATACTATGCAGACTCCGTGAAGGGCCGATTCACCATCTCCAGAGACAATTCCAAGAACACGCTGTATCTGCAAATGAACAGCCTGAGAGCTGAGGACACGGCTGTGTATTACTGTGCGAGAG-----TTGGGGG-------------------CTACTACGGTATGGACGTCTGGGGCCAAGGGACCACGGTCACCGTCTCCTC;3T;;;;;;;;;;
7;Unproductive;;0.44667186;IGHV1-69;IGHJ5;AREGERFWSGPLTTGST;GCGAGAGAGGGTGAGCGATTTTGGAGTGGTCCCCTTACAACTGGTTCGACCC;IGHD3-3;17;2278;0.0;2295;0.009652590847913863;7;;1;1;2;;CAGGTGCAGCTGGTGCAGTCTGGGGCTGAGGTGAAGAAGCCTGGGTCCTCGGTGAAGGTCTCCTGCAAGGCTTCTGGAGGCACCTTCAGCAGCTATGCTATCAGCTGGGTGCGACAGGCCCCTGGACAAGGGCTTGAGTGGATGGGAGGGATCATCCCTATCTTTGGTACAGCAAACTACGCACAGAAGTTCCAGGGCAGAGTCACGATTACCGCGGACGAATCCACGAGCACAGCCTACATGGAGCTGAGCAGCCTGAGATCTGAGGACACGGCCGTGTATTACTGTGCGAGAGAGGGTGAGCGATTTTGGAGTGGTCCCCTTACAACTGGTTCGACCCCTGGGGCCAGGGAACCCTGGTCACCGTCTCCTCA;CAGGTGCAGCTGGTGCAGTCTGGGGCTGAGGTGAAGAAGCCTGGGTCCTCGGTGAAGGTCTCCTGCAAGGCTTCTGGAGGCACCTTCAGCAGCTATGCTATCAGCTGGGTGCGACAGGCCCCTGGACAAGGGCTTGAGTGGATGGGAGGGATCATCCCTATCTTTGGTACAGCAAACTACGCACAGAAGTTCCAGGGCAGAGTCACGATTACCGCGGACGAATCCACGAGCACAGCCTACATGGAGCTGAGCAGCCTGAGATCTGAGGACACGGCCGTGTATTACTGTGCGAGAGA----------TTTTGGAGTGGT------ACAACTGGTTCGACCCCTGGGGCCAGGGAACCCTGGTCACCGTCTCCTCA;;GGACAAGGGCTTGAGTGGATGGGAGGGATCATCCCTATCTTTGGTACAGCAAACTACGCACAGAAGTTCCAGGG;AGAGTCACGATTACCGCGGACGA;TCCACGAGCACAGCCTACATGGAGCTGAGCAGCCTGAGATCTGAGGACAC;GCCGTGTATTACTGTGCGAGAGA;CAGGTGCAGCTGGTGCAGTCTGGGGCTGAGGTGAAGAAGCCTGGGTCCTCGGTGAAGGTCTCCTGCAAGGCTTCTGGAGGCACCTTCAGCAGCTATGCTATCAGCTGGGTGCGACAGGCCCCTGGACAAGGGCTTGAGTGGATGGGAGGGATCATCCCTATCTTTGGTACAGCAAACTACGCACAGAAGTTCCAGGGCAGAGTCACGATTACCGCGGACGAATCCACGAGCACAGCCTACATGGAGCTGAGCAGCCTGAGATCTGAGGACACGGCCGTGTATTACTGT;GQGLEWMGGIIPIFGTANYAQKFQG;RVTITADE;STSTAYMELSSLRSEDT;AVYYCARE;QVQLVQSGAEVKKPGSSVKVSCKASGGTFSSYAISWVRQAPGQGLEWMGGIIPIFGTANYAQKFQGRVTITADESTSTAYMELSSLRSEDTAVYYC
8;Productive;0.00482757;;IGHV3-30;IGHJ6;ARVSLGVSSFLSATTAWTSG;GCGAGAGTCTCCTTGGGGGTGAGTTCCTTTCTTTCCGCTACTACGGCATGGACGTCTGGG;IGHD3-16;100;1023;0.117;1123;0.004723250336473755;8;;3;1;2;;TGTATCTTCAGATGAAGGGCCTGAGAGTTGAAGACACGGCTGTATATTATTGTGCGAGAGTCTCCTTGGGGGTGAGTTCCTTTCTTTCCGCTACTACGGCATGGACGTCTGGGGCCAAGGGACCACGGTCACCGTCTCCTC;TGTATCTTCAAATGAACAGCCTGAGAGCTGAGGACACGGCTGTGTATTACTGTGCGAGAG-----TTGGGGG------------------CTACTACGGTATGGACGTCTGGGGCCAAGGGACCACGGTCACCGTCTCCTC;3T;;;;;;;;;;
9;Productive;0.00443208;;IGHV6-1;IGHJ2;ARGPPPLSGSYPTVGYWYFNL;GCAAGAGGGCCCCCCCCTCTTAGTGGGAGCTACCCCACGGTCGGATACTGGTACTTCAATCTC;IGHD1-26;76;955;0.0;1031;0.004336305518169583;9;;1;1;1;;CAGGTACAGCTGCAGCAGTCAGGTCCAGGACTGGTGAAGCCCTCGCAGACCCTCTCACTCACCTGTGCCATCTCCGGGGACAGTGTCTCTAGCAACAGTGCTGCTTGGAACTGGATCAGGCAGTCCCCATCGAGAGGCCTTGAGTGGCTGGGAAGGACATACTACAGGTCCAAGTGGTATAATGATTATGCAGTATCTGTGAAAAGTCGAATAACCATCAACCCAGACACATCCAAGAACCAGTTCTCCCTGCAGCTGAACTCTGTGACTCCCGAGGACACGGCTGTGTATTACTGTGCAAGAGGGCCCCCCCCTCTTAGTGGGAGCTACCCCACGGTCGGATACTGGTACTTCAATCTCTGGGGCCGTGGCACCCTGGTCACTGTCTCCTCAG;CAGGTACAGCTGCAGCAGTCAGGTCCAGGACTGGTGAAGCCCTCGCAGACCCTCTCACTCACCTGTGCCATCTCCGGGGACAGTGTCTCTAGCAACAGTGCTGCTTGGAACTGGATCAGGCAGTCCCCATCGAGAGGCCTTGAGTGGCTGGGAAGGACATACTACAGGTCCAAGTGGTATAATGATTATGCAGTATCTGTGAAAAGTCGAATAACCATCAACCCAGACACATCCAAGAACCAGTTCTCCCTGCAGCTGAACTCTGTGACTCCCGAGGACACGGCTGTGTATTACTGTGCAAGAG-------------TAGTGGGAGCTAC------------TACTGGTACTTCGATCTCTGGGGCCGTGGCACCCTGGTCACTGTCTCCTCAG;;GCAGTCCCCATCGAGAGGCCTTGAGTGGCTGGGAAGGACATACTACAGGTCCAAGTGGTATAATGATTATGCAG;ATCTGTGAAAAGTCGAATAACCATCAACC;AGACACATCCAAGAACCAGTTCTCCCTGCAGCTGAACTCTGTGACTCCCG;GGACACGGCTGTGTATTACTGTGCAA;CAGGTACAGCTGCAGCAGTCAGGTCCAGGACTGGTGAAGCCCTCGCAGACCCTCTCACTCACCTGTGCCATCTCCGGGGACAGTGTCTCTAGCAACAGTGCTGCTTGGAACTGGATCAGGCAGTCCCCATCGAGAGGCCTTGAGTGGCTGGGAAGGACATACTACAGGTCCAAGTGGTATAATGATTATGCAGTATCTGTGAAAAGTCGAATAACCATCAACCCAGACACATCCAAGAACCAGTTCTCCCTGCAGCTGAACTCTGTGACTCCCGAGGACACGGCTGTGTATTACTGT;QSPSRGLEWLGRTYYRSKWYNDYA;SVKSRITIN;DTSKNQFSLQLNSVTP;DTAVYYCA;QVQLQQSGPGLVKPSQTLSLTCAISGDSVSSNSAAWNWIRQSPSRGLEWLGRTYYRSKWYNDYAVSVKSRITINPDTSKNQFSLQLNSVTPEDTAVYYC
10;Unproductive;;0.13623978;IGHV3-30;IGHJ6;CESLLGGVSSFLSATTAWTSG;GCGAGAGTCTCCTTGGGGGGGTGAGTTCCTTTCTTTCCGCTACTACGGCATGGACGTCTGGGG;IGHD3-16;680;20;0.108;700;0.0029441453566621803;10;;3;1;2;;CAGGGGCAACTAGTGGAGTCGGGGGGGAGCCGGGGTCCAGCCTGGGAGGACCCTGACACTCTCCTGTGCAGCTTCTGGATTCACCTTCTCTACTTATGGCATGCACTGGGTCCGCCAGGCTCCAGGCAAGGGGCTGGAGTGGGTGGCAGTTATATCATTTGATGGAATTAACAAAAACTATGGAGACTCCGTGAGGGGCCGATTCACCGTCTCCAGAGACAATTCCGAGAACACCGTGTATCTTCAGATGAAGGGCCTGAGAGTTGAAGACACGGCTGTATATTATTGTGCGAGAGTCTCCTTGGGGGGGTGAGTTCCTTTCTTTCCGCTACTACGGCATGGACGTCTGGGGCCAAGGGACCACGGTCACCGTCTCCTC;CAGGTGCAGCTGGTGGAGTCTGGGGG-AGGCGTGGTCCAGCCTGGGAGGTCCCTGAGACTCTCCTGTGCAGCCTCTGGATTCACCTTCAGTAGCTATGGCATGCACTGGGTCCGCCAGGCTCCAGGCAAGGGGCTGGAGTGGGTGGCAGTTATATCATATGATGGAAGTAATAAATACTATGCAGACTCCGTGAAGGGCCGATTCACCATCTCCAGAGACAATTCCAAGAACACGCTGTATCTGCAAATGAACAGCCTGAGAGCTGAGGACACGGCTGTGTATTACTGTGCGAGAG-----TTGGGGG--------------------CTACTACGGTATGGACGTCTGGGGCCAAGGGACCACGGTCACCGTCTCCTC;3T;;;;;;;;;;
11;Unproductive;;0.12923316;IGHV5-51;IGHJ4;ARRGYSSSWPPTPCTTLT;GCGAGACGGGGGTATAGCAGCAGCTGGCCACCCACTCCCTGTACTACTTTGACTA;IGHD6-13;643;21;0.003;664;0.0027927321668909824;11;;1;1;2;;GAGGTGCAGCTGGTGCAGTCTGGAGCAGAGGTGAAAAAGCCCGGGGAGTCTCTGAAGATCTCCTGTAAGGGTTCTGGATACAGCTTTACCAACTACTGGATCGGCTGGGTGCGCCAGATGCCCGGGAAAGGCCTGGAGTGGATGGGGATCATCTATCCTGGTGACTCTGATACCAGATACAGCCCGTCCTTCCAAGGCCAGGTCACCATCTCAGCCGACAAGTCCATCAGCACCGCCTACCTGCAGTGGAGCAGCCTGAAGGCCTCGGACACCGCCATGTATTACTGTGCGAGACGGGGGTATAGCAGCAGCTGGCCACCCACTCCCTGTACTACTTTGACTACTGGGGCCAGGGAACCCTGGTCACCGTCTCCTCA;GAGGTGCAGCTGGTGCAGTCTGGAGCAGAGGTGAAAAAGCCCGGGGAGTCTCTGAAGATCTCCTGTAAGGGTTCTGGATACAGCTTTACCAGCTACTGGATCGGCTGGGTGCGCCAGATGCCCGGGAAAGGCCTGGAGTGGATGGGGATCATCTATCCTGGTGACTCTGATACCAGATACAGCCCGTCCTTCCAAGGCCAGGTCACCATCTCAGCCGACAAGTCCATCAGCACCGCCTACCTGCAGTGGAGCAGCCTGAAGGCCTCGGACACCGCCATGTATTACTGTGCGAGAC--GGGTATAGCAGCAGCTGG---------------ACTACTTTGACTACTGGGGCCAGGGAACCCTGGTCACCGTCTCCTCA;196A;CCGGGAAAGGCCTGGAGTGGATGGGGATCATCTATCCTGGTGACTCTGATACCAGATACAGCCCGTCCTTCCAA;GCCAGGTCACCATCTCAGCCGAC;AGTCCATCAGCACCGCCTACCTGCAGTGGAGCAGCCTGAAGGCCTCGGAC;CCGCCATGTATTACTGTGCGAGA;GAGGTGCAGCTGGTGCAGTCTGGAGCAGAGGTGAAAAAGCCCGGGGAGTCTCTGAAGATCTCCTGTAAGGGTTCTGGATACAGCTTTACCAACTACTGGATCGGCTGGGTGCGCCAGATGCCCGGGAAAGGCCTGGAGTGGATGGGGATCATCTATCCTGGTGACTCTGATACCAGATACAGCCCGTCCTTCCAAGGCCAGGTCACCATCTCAGCCGACAAGTCCATCAGCACCGCCTACCTGCAGTGGAGCAGCCTGAAGGCCTCGGACACCGCCATGTATTACTGT;PGKGLEWMGIIYPGDSDTRYSPSFQ;GQVTISAD;KSISTAYLQWSSLKASD;TAMYYCAR;EVQLVQSGAEVKKPGESLKISCKGSGYSFTNYWIGWVRQMPGKGLEWMGIIYPGDSDTRYSPSFQGQVTISADKSISTAYLQWSSLKASDTAMYYC
12;Unproductive;;0.10899183;IGHV7-4-1;IGHJ6;VRDPCLLRRMLSISG;GCGAGACCCGTGCCTACTACGGAGAATGCTTTCGATTTCTGGGGC;IGHD1-26;535;25;0.057;560;0.0023553162853297443;12;;2;1;2;;CAGGTGCAGCTGGTGCAATCTGGGTCTGAGTTGAAGAAGCCTGGGGCCTCGGTGAAGGTTTCCTGCAAGACTTCTGGATACACTTTCAGAACCCATGTTATGAATTGGGTGCGACAGGCCCCTGGACAAGGGCTTGAGTGGATGGGATGGATCCGATACCAACACTGGGAACCCAACGTATGCCCAGGGCTTCACAGGACGGTTTGTCTTCTCCTTGGACACTTTCTGTCAGCACGGCATACCTGCAGATCAACAGCCTAGAGGCTGATGACACTGCCGTGTATTACTGTGCGAGACCCGTGCCTACTACGGAGAATGCTTTCGATTTCTGGGGCCAAGGGACCACGGTCACCGTCTCCTC;CAGGTGCAGCTGGTGCAATCTGGGTCTGAGTTGAAGAAGCCTGGGGCCTCAGTGAAGGTTTCCTGCAAGGCTTCTGGATACACCTTCACTAGCTATGCTATGAATTGGGTGCGACAGGCCCCTGGACAAGGGCTTGAGTGGATGGGATGGAT-CAACACCAACACTGGGAACCCAACGTATGCCCAGGGCTTCACAGGACGGTTTGTCTTCTCCTTGGACAC-CTCTGTCAGCACGGCATATCTGCAGATCAGCAGCCTAAAGGCTGAGGACACTGCCGTGTATTACTGTGCGAGA-------CTACTAC-----------------TCTGGGGCCAAGGGACCACGGTCACCGTCTCCTC;21T;;;;;;;;;;
13;Unproductive;;0.10042818;IGHV4-39;IGHJ6;ARQAQKITIF*LPRWYYYMDV;GCGAGACAGGCCCAAAAAATTACGATATTTTGACTGCCCAGGTGGTACTACTACATGGACGTC;IGHD3-9;409;107;0.0;516;0.002170255720053836;13;;1;1;3;;CAGCTGCAGCTGCAGGAGTCGGGCCCAGGACTGGTGAAGCCTTCGGAGACCCTGTCCCTCACCTGCACTGTCTCTGGTGGCTCCATCAGCAGTAGTAGTTACTACTGGGGCTGGATCCGCCAGCCCCCAGGGAAGGGGCTGGAGTGGATTGGGAGTATCTATTATAGTGGGAGCACCTACTACAACCCGTCCCTCAAGAGTCGAGTCACCATATCCGTAGACACGTCCAAGAACCAGTTCTCCCTGAAGCTGAGCTCTGTGACCGCCGCAGACACGGCTGTGTATTACTGTGCGAGACAGGCCCAAAAAATTACGATATTTTGACTGCCCAGGTGGTACTACTACATGGACGTCTGGGGCAAAGGGACCACGGTCACCGTCTCCTCA;CAGCTGCAGCTGCAGGAGTCGGGCCCAGGACTGGTGAAGCCTTCGGAGACCCTGTCCCTCACCTGCACTGTCTCTGGTGGCTCCATCAGCAGTAGTAGTTACTACTGGGGCTGGATCCGCCAGCCCCCAGGGAAGGGGCTGGAGTGGATTGGGAGTATCTATTATAGTGGGAGCACCTACTACAACCCGTCCCTCAAGAGTCGAGTCACCATATCCGTAGACACGTCCAAGAACCAGTTCTCCCTGAAGCTGAGCTCTGTGACCGCCGCAGACACGGCTGTGTATTACTGTGCGAGACA----------ATTACGATATTTTGACTG---------TACTACTACATGGACGTCTGGGGCAAAGGGACCACGGTCACCGTCTCCTCA;;CCCCAGGGAAGGGGCTGGAGTGGATTGGGAGTATCTATTATAGTGGGAGCACCTACTACAACCCGTCCCTCAAG;GTCGAGTCACCATATCCGTAGACACGTCC;AGAACCAGTTCTCCCTGAAGCTGAGCTCTGTGACCGCCGCAGACACGGCT;TGTATTACTGTGCGAGACAG;CAGCTGCAGCTGCAGGAGTCGGGCCCAGGACTGGTGAAGCCTTCGGAGACCCTGTCCCTCACCTGCACTGTCTCTGGTGGCTCCATCAGCAGTAGTAGTTACTACTGGGGCTGGATCCGCCAGCCCCCAGGGAAGGGGCTGGAGTGGATTGGGAGTATCTATTATAGTGGGAGCACCTACTACAACCCGTCCCTCAAGAGTCGAGTCACCATATCCGTAGACACGTCCAAGAACCAGTTCTCCCTGAAGCTGAGCTCTGTGACCGCCGCAGACACGGCTGTGTATTACTGT;PPGKGLEWIGSIYYSGSTYYNPSLK;SRVTISVDTS;KNQFSLKLSSVTAADTA;VYYCARQ;QLQLQESGPGLVKPSETLSLTCTVSGGSISSSSYYWGWIRQPPGKGLEWIGSIYYSGSTYYNPSLKSRVTISVDTSKNQFSLKLSSVTAADTAVYYC
14;Productive;0.00195166;;IGHV1-69;IGHJ5;AREGERFLEWSPLQLVRPL;GCGAGAGAGGGTGAGCGATTTTTGGAGTGGTCCCCCTTACAACTGGTTCGACCCCTG;IGHD3-3;5;449;0.0;454;0.0019094885598923284;14;;1;1;2;;CAGGTGCAGCTGGTGCAGTCTGGGGCTGAGGTGAAGAAGCCTGGGTCCTCGGTGAAGGTCTCCTGCAAGGCTTCTGGAGGCACCTTCAGCAGCTATGCTATCAGCTGGGTGCGACAGGCCCCTGGACAAGGGCTTGAGTGGATGGGAGGGATCATCCCTATCTTTGGTACAGCAAACTACGCACAGAAGTTCCAGGGCAGAGTCACGATTACCGCGGACGAATCCACGAGCACAGCCTACATGGAGCTGAGCAGCCTGAGATCTGAGGACACGGCCGTGTATTACTGTGCGAGAGAGGGTGAGCGATTTTTGGAGTGGTCCCCCTTACAACTGGTTCGACCCCTGGGGCCAGGGAACCCTGGTCACCGTCTCCTCA;CAGGTGCAGCTGGTGCAGTCTGGGGCTGAGGTGAAGAAGCCTGGGTCCTCGGTGAAGGTCTCCTGCAAGGCTTCTGGAGGCACCTTCAGCAGCTATGCTATCAGCTGGGTGCGACAGGCCCCTGGACAAGGGCTTGAGTGGATGGGAGGGATCATCCCTATCTTTGGTACAGCAAACTACGCACAGAAGTTCCAGGGCAGAGTCACGATTACCGCGGACGAATCCACGAGCACAGCCTACATGGAGCTGAGCAGCCTGAGATCTGAGGACACGGCCGTGTATTACTGTGCGAGAGA-------CGATTTTTGGAGTGGT-------ACAACTGGTTCGACCCCTGGGGCCAGGGAACCCTGGTCACCGTCTCCTCA;;CAGCTGGGTGCGACAGGCCCCTGGACAAGGGCTTGAGTGGATGGGAGGGATCATCCCTATCTTTGGTACAGCAA;CTACGCACAGAAGTTCCAGGGCA;AGTCACGATTACCGCGGACGAATCCACGAGCACAGCCTACATGGAGCTGA;CAGCCTGAGATCTGAGGACACGG;CAGGTGCAGCTGGTGCAGTCTGGGGCTGAGGTGAAGAAGCCTGGGTCCTCGGTGAAGGTCTCCTGCAAGGCTTCTGGAGGCACCTTCAGCAGCTATGCTATCAGCTGGGTGCGACAGGCCCCTGGACAAGGGCTTGAGTGGATGGGAGGGATCATCCCTATCTTTGGTACAGCAAACTACGCACAGAAGTTCCAGGGCAGAGTCACGATTACCGCGGACGAATCCACGAGCACAGCCTACATGGAGCTGAGCAGCCTGAGATCTGAGGACACGGCCGTGTATTACTGT;SWVRQAPGQGLEWMGGIIPIFGTA;YAQKFQG;VTITADESTSTAYMEL;SLRSEDT;QVQLVQSGAEVKKPGSSVKVSCKASGGTFSSYAISWVRQAPGQGLEWMGGIIPIFGTANYAQKFQGRVTITADESTSTAYMELSSLRSEDTAVYYC
15;Unproductive;;0.0778513;IGHV5-51;IGHJ4;ARRGV*QQLAHPLPVLL*LL;GCGAGACGGGGGGTATAGCAGCAGCTGGCCCACCCACTCCCTGTACTACTTTGACTACTG;IGHD6-13;339;61;0.003;400;0.0016823687752355316;15;;1;1;2;;GAGGTGCAGCTGGTGCAGTCTGGAGCAGAGGTGAAAAAGCCCGGGGAGTCTCTGAAGATCTCCTGTAAGGGTTCTGGATACAGCTTTACCAACTACTGGATCGGCTGGGTGCGCCAGATGCCCGGGAAAGGCCTGGAGTGGATGGGGATCATCTATCCTGGTGACTCTGATACCAGATACAGCCCGTCCTTCCAAGGCCAGGTCACCATCTCAGCCGACAAGTCCATCAGCACCGCCTACCTGCAGTGGAGCAGCCTGAAGGCCTCGGACACCGCCATGTATTACTGTGCGAGACGGGGGGTATAGCAGCAGCTGGCCCACCCACTCCCTGTACTACTTTGACTACTGGGGCCAGGGAACCCTGGTCACCGTCTCCTCA;GAGGTGCAGCTGGTGCAGTCTGGAGCAGAGGTGAAAAAGCCCGGGGAGTCTCTGAAGATCTCCTGTAAGGGTTCTGGATACAGCTTTACCAGCTACTGGATCGGCTGGGTGCGCCAGATGCCCGGGAAAGGCCTGGAGTGGATGGGGATCATCTATCCTGGTGACTCTGATACCAGATACAGCCCGTCCTTCCAAGGCCAGGTCACCATCTCAGCCGACAAGTCCATCAGCACCGCCTACCTGCAGTGGAGCAGCCTGAAGGCCTCGGACACCGCCATGTATTACTGTGCGAGAC---GGGTATAGCAGCAGCTGG----------------ACTACTTTGACTACTGGGGCCAGGGAACCCTGGTCACCGTCTCCTCA;196A;CAGCTTTACCAACTACTGGATCGGCTGGGTGCGCCAGATGCCCGGGAAAGGCCTGGAGTGGATGGGGATCATCT;TCCTGGTGACTCTGATACCAGAT;CAGCCCGTCCTTCCAAGGCCAGGTCACCATCTCAGCCGACAAGTCCATCA;CACCGCCTACCTGCAGTGGAGCA;GAGGTGCAGCTGGTGCAGTCTGGAGCAGAGGTGAAAAAGCCCGGGGAGTCTCTGAAGATCTCCTGTAAGGGTTCTGGATACAGCTTTACCAACTACTGGATCGGCTGGGTGCGCCAGATGCCCGGGAAAGGCCTGGAGTGGATGGGGATCATCTATCCTGGTGACTCTGATACCAGATACAGCCCGTCCTTCCAAGGCCAGGTCACCATCTCAGCCGACAAGTCCATCAGCACCGCCTACCTGCAGTGGAGCAGCCTGAAGGCCTCGGACACCGCCATGTATTACTGT;SFTNYWIGWVRQMPGKGLEWMGII;PGDSDTR;SPSFQGQVTISADKSI;TAYLQWS;EVQLVQSGAEVKKPGESLKISCKGSGYSFTNYWIGWVRQMPGKGLEWMGIIYPGDSDTRYSPSFQGQVTISADKSISTAYLQWSSLKASDTAMYYC
16;Productive;0.00166364;;IGHV4-39;IGHJ6;ARQAQKLRYFDCPGATSG;GCGAGACAGGCCCAAAAATTACGATATTTTGACTGCCCAGGTGCTACGTCTGGG;IGHD3-9;277;110;0.0;387;0.0016276917900403768;16;;1;1;3;;CAGCTGCAGCTGCAGGAGTCGGGCCCAGGACTGGTGAAGCCTTCGGAGACCCTGTCCCTCACCTGCACTGTCTCTGGTGGCTCCATCAGCAGTAGTAGTTACTACTGGGGCTGGATCCGCCAGCCCCCAGGGAAGGGGCTGGAGTGGATTGGGAGTATCTATTATAGTGGGAGCACCTACTACAACCCGTCCCTCAAGAGTCGAGTCACCATATCCGTAGACACGTCCAAGAACCAGTTCTCCCTGAAGCTGAGCTCTGTGACCGCCGCAGACACGGCTGTGTATTACTGTGCGAGACAGGCCCAAAAATTACGATATTTTGACTGCCCAGGTGCTACGTCTGGGGCAAAGGGACCACGGTCACCGTCTCCTCA;CAGCTGCAGCTGCAGGAGTCGGGCCCAGGACTGGTGAAGCCTTCGGAGACCCTGTCCCTCACCTGCACTGTCTCTGGTGGCTCCATCAGCAGTAGTAGTTACTACTGGGGCTGGATCCGCCAGCCCCCAGGGAAGGGGCTGGAGTGGATTGGGAGTATCTATTATAGTGGGAGCACCTACTACAACCCGTCCCTCAAGAGTCGAGTCACCATATCCGTAGACACGTCCAAGAACCAGTTCTCCCTGAAGCTGAGCTCTGTGACCGCCGCAGACACGGCTGTGTATTACTGTGCGAGACA---------ATTACGATATTTTGACTG----------ACGTCTGGGGCAAAGGGACCACGGTCACCGTCTCCTCA;;CCCAGGGAAGGGGCTGGAGTGGATTGGGAGTATCTATTATAGTGGGAGCACCTACTACAACCCGTCCCTCAAGA;TCGAGTCACCATATCCGTAGACACGTCCA;GAACCAGTTCTCCCTGAAGCTGAGCTCTGTGACCGCCGCAGACACGGCTG;GTATTACTGTGCGAGACAGG;CAGCTGCAGCTGCAGGAGTCGGGCCCAGGACTGGTGAAGCCTTCGGAGACCCTGTCCCTCACCTGCACTGTCTCTGGTGGCTCCATCAGCAGTAGTAGTTACTACTGGGGCTGGATCCGCCAGCCCCCAGGGAAGGGGCTGGAGTGGATTGGGAGTATCTATTATAGTGGGAGCACCTACTACAACCCGTCCCTCAAGAGTCGAGTCACCATATCCGTAGACACGTCCAAGAACCAGTTCTCCCTGAAGCTGAGCTCTGTGACCGCCGCAGACACGGCTGTGTATTACTGT;PGKGLEWIGSIYYSGSTYYNPSLK;RVTISVDTS;NQFSLKLSSVTAADTA;YYCARQ;QLQLQESGPGLVKPSETLSLTCTVSGGSISSSSYYWGWIRQPPGKGLEWIGSIYYSGSTYYNPSLKSRVTISVDTSKNQFSLKLSSVTAADTAVYYC
17;Productive;0.00125096;;IGHV5-51;IGHJ4;ARRGIA;GCGAGACGGGGTATAGCA;IGHD6-13;113;178;0.003;291;0.0012239232839838493;17;;1;1;2;;GAGGTGCAGCTGGTGCAGTCTGGAGCAGAGGTGAAAAAGCCCGGGGAGTCTCTGAAGATCTCCTGTAAGGGTTCTGGATACAGCTTTACCAACTACTGGATCGGCTGGGTGCGCCAGATGCCCGGGAAAGGCCTGGAGTGGATGGGGATCATCTATCCTGGTGACTCTGATACCAGATACAGCCCGTCCTTCCAAGGCCAGGTCACCATCTCAGCCGACAAGTCCATCAGCACCGCCTACCTGCAGTGGAGCAGCCTGAAGGCCTCGGACACCGCCATGTATTACTGTGCGAGACGGGGTATAGCAGCAGCTGGCCCACCCACTCCCTGTACTACTTTGACTACTGGGGCCAGGGAACCCTGGTCACCGTCTCCTCA;GAGGTGCAGCTGGTGCAGTCTGGAGCAGAGGTGAAAAAGCCCGGGGAGTCTCTGAAGATCTCCTGTAAGGGTTCTGGATACAGCTTTACCAGCTACTGGATCGGCTGGGTGCGCCAGATGCCCGGGAAAGGCCTGGAGTGGATGGGGATCATCTATCCTGGTGACTCTGATACCAGATACAGCCCGTCCTTCCAAGGCCAGGTCACCATCTCAGCCGACAAGTCCATCAGCACCGCCTACCTGCAGTGGAGCAGCCTGAAGGCCTCGGACACCGCCATGTATTACTGTGCGAGAC-GGGTATAGCAGCAGCTGG----------------ACTACTTTGACTACTGGGGCCAGGGAACCCTGGTCACCGTCTCCTCA;196A;GTGCGCCAGATGCCCGGGAAAGGCCTGGAGTGGATGGGGATCATCTATCCTGGTGACTCTGATACCAGATACAG;CCGTCCTTCCAAGGCCAGGTCAC;ATCTCAGCCGACAAGTCCATCAGCACCGCCTACCTGCAGTGGAGCAGCCT;AAGGCCTCGGACACCGCCATGTA;GAGGTGCAGCTGGTGCAGTCTGGAGCAGAGGTGAAAAAGCCCGGGGAGTCTCTGAAGATCTCCTGTAAGGGTTCTGGATACAGCTTTACCAACTACTGGATCGGCTGGGTGCGCCAGATGCCCGGGAAAGGCCTGGAGTGGATGGGGATCATCTATCCTGGTGACTCTGATACCAGATACAGCCCGTCCTTCCAAGGCCAGGTCACCATCTCAGCCGACAAGTCCATCAGCACCGCCTACCTGCAGTGGAGCAGCCTGAAGGCCTCGGACACCGCCATGTATTACTGT;VRQMPGKGLEWMGIIYPGDSDTRYS;PSFQGQVT;ISADKSISTAYLQWSSL;KASDTAMY;EVQLVQSGAEVKKPGESLKISCKGSGYSFTNYWIGWVRQMPGKGLEWMGIIYPGDSDTRYSPSFQGQVTISADKSISTAYLQWSSLKASDTAMYYC
1;Productive;0.00045997;;IGHV7-4-1;IGHJ6;ARPVPTTENAFDF;GCGAGGCCCGTGCCTACTACGGAGAATGCTTTCGATTTC;IGHD1-26;73;34;0.051;107;0.00045003364737550473;18;;2;1;2;;CAGGTGCAGCTGGTGCAATCTGGGTCTGAGTTGAAGAAGCCTGGGGCCTCGGTGAAGGTTTCCTGCAAGACTTCTGGATACACTTTCAGAACCCATGTTATGAATTGGGTGCGACAGGCCCCTGGACAAGGGCTTGAGTGGATGGGATGGATCGATACCAACACTGGGAACCCAACGTATGCCCAGGGCTTCACAGGACGGTTTGTCTTCTCCTTGGACACTTCTGTCAGCACGGCATACCTGCAGATCAACAGCCTAGAGGCTGATGACACTGCCGTGTATTACTGTGCGAGGCCCGTGCCTACTACGGAGAATGCTTTCGATTTCTGGGGCCAAGGGACCACGGTCACCGTCTCCTCA;CAGGTGCAGCTGGTGCAATCTGGGTCTGAGTTGAAGAAGCCTGGGGCCTCAGTGAAGGTTTCCTGCAAGGCTTCTGGATACACCTTCACTAGCTATGCTATGAATTGGGTGCGACAGGCCCCTGGACAAGGGCTTGAGTGGATGGGATGGATCAACACCAACACTGGGAACCCAACGTATGCCCAGGGCTTCACAGGACGGTTTGTCTTCTCCTTGGACACCTCTGTCAGCACGGCATATCTGCAGATCAGCAGCCTAAAGGCTGAGGACACTGCCGTGTATTACTGTGCGAG--------CTACTAC-----------------TCTGGGGCCAAGGGACCACGGTCACCGTCTCCTCA;21T;;;;;;;;;;
1;Productive;0.00027942;;IGHV7-4-1;IGHJ6;VRPVPTTENAFDF;GTGAGACCCGTGCCTACTACGGAGAATGCTTTCGATTTC;IGHD1-26;39;26;0.054;65;0.00027338492597577386;19;;2;1;2;;CAGGTGCAGCTGGTGCAATCTGGGTCTGAGTTGAAGAAGCCTGGGGCCTCGGTGAAGGTTTCCTGCAAGACTTCTGGATACACTTTCAGAACCCATGTTATGAATTGGGTGCGACAGGCCCCTGGACAAGGGCTTGAGTGGATGGGATGGATCGATACCAACACTGGGAACCCAACGTATGCCCAGGGCTTCACAGGACGGTTTGTCTTCTCCTTGGACACTTCTGTCAGCACGGCATACCTGCAGATCAACAGCCTAGAGGCTGATGACACTGCCGTGTATTACTGTGTGAGACCCGTGCCTACTACGGAGAATGCTTTCGATTTCTGGGGCCAAGGGACCACGGTCACCGTCTCCTCA;CAGGTGCAGCTGGTGCAATCTGGGTCTGAGTTGAAGAAGCCTGGGGCCTCAGTGAAGGTTTCCTGCAAGGCTTCTGGATACACCTTCACTAGCTATGCTATGAATTGGGTGCGACAGGCCCCTGGACAAGGGCTTGAGTGGATGGGATGGATCAACACCAACACTGGGAACCCAACGTATGCCCAGGGCTTCACAGGACGGTTTGTCTTCTCCTTGGACACCTCTGTCAGCACGGCATATCTGCAGATCAGCAGCCTAAAGGCTGAGGACACTGCCGTGTATTACTGTGCGAGA-------CTACTAC-----------------TCTGGGGCCAAGGGACCACGGTCACCGTCTCCTCA;21T;;;;;;;;;;
1;Productive;0.00020634;;IGHV7-4-1;IGHJ6;ARPVPTTENAFDF;GCGAGACCCGTACCTACTACGGAGAATGCTTTCGATTTC;IGHD1-26;34;14;0.051;48;0.0002018842530282638;20;;2;1;2;;CAGGTGCAGCTGGTGCAATCTGGGTCTGAGTTGAAGAAGCCTGGGGCCTCGGTGAAGGTTTCCTGCAAGACTTCTGGATACACTTTCAGAACCCATGTTATGAATTGGGTGCGACAGGCCCCTGGACAAGGGCTTGAGTGGATGGGATGGATCGATACCAACACTGGGAACCCAACGTATGCCCAGGGCTTCACAGGACGGTTTGTCTTCTCCTTGGACACTTCTGTCAGCACGGCATACCTGCAGATCAACAGCCTAGAGGCTGATGACACTGCCGTGTATTACTGTGCGAGACCCGTACCTACTACGGAGAATGCTTTCGATTTCTGGGGCCAAGGGACCACGGTCACCGTCTCCTCA;CAGGTGCAGCTGGTGCAATCTGGGTCTGAGTTGAAGAAGCCTGGGGCCTCAGTGAAGGTTTCCTGCAAGGCTTCTGGATACACCTTCACTAGCTATGCTATGAATTGGGTGCGACAGGCCCCTGGACAAGGGCTTGAGTGGATGGGATGGATCAACACCAACACTGGGAACCCAACGTATGCCCAGGGCTTCACAGGACGGTTTGTCTTCTCCTTGGACACCTCTGTCAGCACGGCATATCTGCAGATCAGCAGCCTAAAGGCTGAGGACACTGCCGTGTATTACTGTGCGAGA-------CTACTAC-----------------TCTGGGGCCAAGGGACCACGGTCACCGTCTCCTCA;21T;;;;;;;;;;
1;Productive;0.00017625;;IGHV7-4-1;IGHJ6;AGPVPTTENAFDF;GCGGGACCCGTGCCTACTACGGAGAATGCTTTCGATTTC;IGHD1-26;24;17;0.054;41;0.000172442799461642;21;;2;1;2;;CAGGTGCAGCTGGTGCAATCTGGGTCTGAGTTGAAGAAGCCTGGGGCCTCGGTGAAGGTTTCCTGCAAGACTTCTGGATACACTTTCAGAACCCATGTTATGAATTGGGTGCGACAGGCCCCTGGACAAGGGCTTGAGTGGATGGGATGGATCGATACCAACACTGGGAACCCAACGTATGCCCAGGGCTTCACAGGACGGTTTGTCTTCTCCTTGGACACTTCTGTCAGCACGGCATACCTGCAGATCAACAGCCTAGAGGCTGATGACACTGCCGTGTATTACTGTGCGGGACCCGTGCCTACTACGGAGAATGCTTTCGATTTCTGGGGCCAAGGGACCACGGTCACCGTCTCCTCA;CAGGTGCAGCTGGTGCAATCTGGGTCTGAGTTGAAGAAGCCTGGGGCCTCAGTGAAGGTTTCCTGCAAGGCTTCTGGATACACCTTCACTAGCTATGCTATGAATTGGGTGCGACAGGCCCCTGGACAAGGGCTTGAGTGGATGGGATGGATCAACACCAACACTGGGAACCCAACGTATGCCCAGGGCTTCACAGGACGGTTTGTCTTCTCCTTGGACACCTCTGTCAGCACGGCATATCTGCAGATCAGCAGCCTAAAGGCTGAGGACACTGCCGTGTATTACTGTGCGAGA-------CTACTAC-----------------TCTGGGGCCAAGGGACCACGGTCACCGTCTCCTCA;21T;;;;;;;;;;
1;Productive;0.00016765;;IGHV7-4-1;IGHJ6;ARPVSTTENAFDF;GCGAGACCCGTGTCTACTACGGAGAATGCTTTCGATTTC;IGHD1-26;30;9;0.051;39;0.00016403095558546434;22;;2;1;2;;CAGGTGCAGCTGGTGCAATCTGGGTCTGAGTTGAAGAAGCCTGGGGCCTCGGTGAAGGTTTCCTGCAAGACTTCTGGATACACTTTCAGAACCCATGTTATGAATTGGGTGCGACAGGCCCCTGGACAAGGGCTTGAGTGGATGGGATGGATCGATACCAACACTGGGAACCCAACGTATGCCCAGGGCTTCACAGGACGGTTTGTCTTCTCCTTGGACACTTCTGTCAGCACGGCATACCTGCAGATCAACAGCCTAGAGGCTGATGACACTGCCGTGTATTACTGTGCGAGACCCGTGTCTACTACGGAGAATGCTTTCGATTTCTGGGGCCAAGGGACCACGGTCACCGTCTCCTCA;CAGGTGCAGCTGGTGCAATCTGGGTCTGAGTTGAAGAAGCCTGGGGCCTCAGTGAAGGTTTCCTGCAAGGCTTCTGGATACACCTTCACTAGCTATGCTATGAATTGGGTGCGACAGGCCCCTGGACAAGGGCTTGAGTGGATGGGATGGATCAACACCAACACTGGGAACCCAACGTATGCCCAGGGCTTCACAGGACGGTTTGTCTTCTCCTTGGACACCTCTGTCAGCACGGCATATCTGCAGATCAGCAGCCTAAAGGCTGAGGACACTGCCGTGTATTACTGTGCGAGA-------CTACTAC-----------------TCTGGGGCCAAGGGACCACGGTCACCGTCTCCTCA;21T;;;;;;;;;;
1;Productive;0.00016336;;IGHV7-4-1;IGHJ6;ARPAPTTENAFDF;GCGAGACCCGCGCCTACTACGGAGAATGCTTTCGATTTC;IGHD1-26;30;8;0.051;38;0.00015982503364737552;23;;2;1;2;;CAGGTGCAGCTGGTGCAATCTGGGTCTGAGTTGAAGAAGCCTGGGGCCTCGGTGAAGGTTTCCTGCAAGACTTCTGGATACACTTTCAGAACCCATGTTATGAATTGGGTGCGACAGGCCCCTGGACAAGGGCTTGAGTGGATGGGATGGATCGATACCAACACTGGGAACCCAACGTATGCCCAGGGCTTCACAGGACGGTTTGTCTTCTCCTTGGACACTTCTGTCAGCACGGCATACCTGCAGATCAACAGCCTAGAGGCTGATGACACTGCCGTGTATTACTGTGCGAGACCCGCGCCTACTACGGAGAATGCTTTCGATTTCTGGGGCCAAGGGACCACGGTCACCGTCTCCTCA;CAGGTGCAGCTGGTGCAATCTGGGTCTGAGTTGAAGAAGCCTGGGGCCTCAGTGAAGGTTTCCTGCAAGGCTTCTGGATACACCTTCACTAGCTATGCTATGAATTGGGTGCGACAGGCCCCTGGACAAGGGCTTGAGTGGATGGGATGGATCAACACCAACACTGGGAACCCAACGTATGCCCAGGGCTTCACAGGACGGTTTGTCTTCTCCTTGGACACCTCTGTCAGCACGGCATATCTGCAGATCAGCAGCCTAAAGGCTGAGGACACTGCCGTGTATTACTGTGCGAGA-------CTACTAC-----------------TCTGGGGCCAAGGGACCACGGTCACCGTCTCCTCA;21T;;;;;;;;;;
1;Productive;0.00015046;;IGHV7-4-1;IGHJ6;ARPVPTAENAFDF;GCGAGACCCGTGCCTACTGCGGAGAATGCTTTCGATTTC;IGHD3-16;27;8;0.051;35;0.00014720726783310902;24;;2;1;2;;CAGGTGCAGCTGGTGCAATCTGGGTCTGAGTTGAAGAAGCCTGGGGCCTCGGTGAAGGTTTCCTGCAAGACTTCTGGATACACTTTCAGAACCCATGTTATGAATTGGGTGCGACAGGCCCCTGGACAAGGGCTTGAGTGGATGGGATGGATCGATACCAACACTGGGAACCCAACGTATGCCCAGGGCTTCACAGGACGGTTTGTCTTCTCCTTGGACACTTCTGTCAGCACGGCATACCTGCAGATCAACAGCCTAGAGGCTGATGACACTGCCGTGTATTACTGTGCGAGACCCGTGCCTACTGCGGAGAATGCTTTCGATTTCTGGGGCCAAGGGACCACGGTCACCGTCTCCTCA;CAGGTGCAGCTGGTGCAATCTGGGTCTGAGTTGAAGAAGCCTGGGGCCTCAGTGAAGGTTTCCTGCAAGGCTTCTGGATACACCTTCACTAGCTATGCTATGAATTGGGTGCGACAGGCCCCTGGACAAGGGCTTGAGTGGATGGGATGGATCAACACCAACACTGGGAACCCAACGTATGCCCAGGGCTTCACAGGACGGTTTGTCTTCTCCTTGGACACCTCTGTCAGCACGGCATATCTGCAGATCAGCAGCCTAAAGGCTGAGGACACTGCCGTGTATTACTGTGCGAGA-------------------ATGCTT------TCTGGGGCCAAGGGACCACGGTCACCGTCTCCTCA;21T;;;;;;;;;;
1;Productive;0.00015046;;IGHV7-4-1;IGHJ6;ARPVPTTENVFDF;GCGAGACCCGTGCCTACTACGGAGAATGTCTTCGATTTC;IGHD1-26;26;9;0.051;35;0.00014720726783310902;24;;2;1;2;;CAGGTGCAGCTGGTGCAATCTGGGTCTGAGTTGAAGAAGCCTGGGGCCTCGGTGAAGGTTTCCTGCAAGACTTCTGGATACACTTTCAGAACCCATGTTATGAATTGGGTGCGACAGGCCCCTGGACAAGGGCTTGAGTGGATGGGATGGATCGATACCAACACTGGGAACCCAACGTATGCCCAGGGCTTCACAGGACGGTTTGTCTTCTCCTTGGACACTTCTGTCAGCACGGCATACCTGCAGATCAACAGCCTAGAGGCTGATGACACTGCCGTGTATTACTGTGCGAGACCCGTGCCTACTACGGAGAATGTCTTCGATTTCTGGGGCCAAGGGACCACGGTCACCGTCTCCTC;CAGGTGCAGCTGGTGCAATCTGGGTCTGAGTTGAAGAAGCCTGGGGCCTCAGTGAAGGTTTCCTGCAAGGCTTCTGGATACACCTTCACTAGCTATGCTATGAATTGGGTGCGACAGGCCCCTGGACAAGGGCTTGAGTGGATGGGATGGATCAACACCAACACTGGGAACCCAACGTATGCCCAGGGCTTCACAGGACGGTTTGTCTTCTCCTTGGACACCTCTGTCAGCACGGCATATCTGCAGATCAGCAGCCTAAAGGCTGAGGACACTGCCGTGTATTACTGTGCGAGA-------CTACTAC-----------------TCTGGGGCCAAGGGACCACGGTCACCGTCTCCTC;21T;;;;;;;;;;
1;Productive;0.00014616;;IGHV7-4-1;IGHJ6;ARPVPTTENAFDF;GCGAGACCCGTGCCCACTACGGAGAATGCTTTCGATTTC;IGHD4-23;18;16;0.051;34;0.0001430013458950202;25;;2;1;2;;CAGGTGCAGCTGGTGCAATCTGGGTCTGAGTTGAAGAAGCCTGGGGCCTCGGTGAAGGTTTCCTGCAAGACTTCTGGATACACTTTCAGAACCCATGTTATGAATTGGGTGCGACAGGCCCCTGGACAAGGGCTTGAGTGGATGGGATGGATCGATACCAACACTGGGAACCCAACGTATGCCCAGGGCTTCACAGGACGGTTTGTCTTCTCCTTGGACACTTCTGTCAGCACGGCATACCTGCAGATCAACAGCCTAGAGGCTGATGACACTGCCGTGTATTACTGTGCGAGACCCGTGCCCACTACGGAGAATGCTTTCGATTTCTGGGGCCAAGGGACCACGGTCACCGTCTCCTCA;CAGGTGCAGCTGGTGCAATCTGGGTCTGAGTTGAAGAAGCCTGGGGCCTCAGTGAAGGTTTCCTGCAAGGCTTCTGGATACACCTTCACTAGCTATGCTATGAATTGGGTGCGACAGGCCCCTGGACAAGGGCTTGAGTGGATGGGATGGATCAACACCAACACTGGGAACCCAACGTATGCCCAGGGCTTCACAGGACGGTTTGTCTTCTCCTTGGACACCTCTGTCAGCACGGCATATCTGCAGATCAGCAGCCTAAAGGCTGAGGACACTGCCGTGTATTACTGTGCGAGA---------ACTACGG---------------TCTGGGGCCAAGGGACCACGGTCACCGTCTCCTCA;21T;;;;;;;;;;
1;Productive;0.00010317;;IGHV7-4-1;IGHJ6;ARPVPITENAFDF;GCGAGACCCGTGCCTATTACGGAGAATGCTTTCGATTTC;IGHD3-3;23;1;0.051;24;0.0001009421265141319;26;;2;1;2;;CAGGTGCAGCTGGTGCAATCTGGGTCTGAGTTGAAGAAGCCTGGGGCCTCGGTGAAGGTTTCCTGCAAGACTTCTGGATACACTTTCAGAACCCATGTTATGAATTGGGTGCGACAGGCCCCTGGACAAGGGCTTGAGTGGATGGGATGGATCGATACCAACACTGGGAACCCAACGTATGCCCAGGGCTTCACAGGACGGTTTGTCTTCTCCTTGGACACTTCTGTCAGCACGGCATACCTGCAGATCAACAGCCTAGAGGCTGATGACACTGCCGTGTATTACTGTGCGAGACCCGTGCCTATTACGGAGAATGCTTTCGATTTCTGGGGCCAAGGGACCACGGTCACCGTCTCCTCA;CAGGTGCAGCTGGTGCAATCTGGGTCTGAGTTGAAGAAGCCTGGGGCCTCAGTGAAGGTTTCCTGCAAGGCTTCTGGATACACCTTCACTAGCTATGCTATGAATTGGGTGCGACAGGCCCCTGGACAAGGGCTTGAGTGGATGGGATGGATCAACACCAACACTGGGAACCCAACGTATGCCCAGGGCTTCACAGGACGGTTTGTCTTCTCCTTGGACACCTCTGTCAGCACGGCATATCTGCAGATCAGCAGCCTAAAGGCTGAGGACACTGCCGTGTATTACTGTGCGAGA--------TATTACG----------------TCTGGGGCCAAGGGACCACGGTCACCGTCTCCTCA;21T;;;;;;;;;;
1;Productive;9.887e-05;;IGHV7-4-1;IGHJ6;ARPVPTTENAFDF;GCAAGACCCGTGCCTACTACGGAGAATGCTTTCGATTTC;IGHD1-26;15;8;0.054;23;9.673620457604307e-05;27;;2;1;2;;CAGGTGCAGCTGGTGCAATCTGGGTCTGAGTTGAAGAAGCCTGGGGCCTCGGTGAAGGTTTCCTGCAAGACTTCTGGATACACTTTCAGAACCCATGTTATGAATTGGGTGCGACAGGCCCCTGGACAAGGGCTTGAGTGGATGGGATGGATCGATACCAACACTGGGAACCCAACGTATGCCCAGGGCTTCACAGGACGGTTTGTCTTCTCCTTGGACACTTCTGTCAGCACGGCATACCTGCAGATCAACAGCCTAGAGGCTGATGACACTGCCGTGTATTACTGTGCAAGACCCGTGCCTACTACGGAGAATGCTTTCGATTTCTGGGGCCAAGGGACCACGGTCACCGTCTCCTCA;CAGGTGCAGCTGGTGCAATCTGGGTCTGAGTTGAAGAAGCCTGGGGCCTCAGTGAAGGTTTCCTGCAAGGCTTCTGGATACACCTTCACTAGCTATGCTATGAATTGGGTGCGACAGGCCCCTGGACAAGGGCTTGAGTGGATGGGATGGATCAACACCAACACTGGGAACCCAACGTATGCCCAGGGCTTCACAGGACGGTTTGTCTTCTCCTTGGACACCTCTGTCAGCACGGCATATCTGCAGATCAGCAGCCTAAAGGCTGAGGACACTGCCGTGTATTACTGTGCGAGA-------CTACTAC-----------------TCTGGGGCCAAGGGACCACGGTCACCGTCTCCTCA;21T;;;;;;;;;;
1;Productive;8.168e-05;;IGHV7-4-1;IGHJ6;ARPMPTTENAFDF;GCGAGACCCATGCCTACTACGGAGAATGCTTTCGATTTC;IGHD1-26;17;2;0.051;19;7.991251682368776e-05;28;;2;1;2;;CAGGTGCAGCTGGTGCAATCTGGGTCTGAGTTGAAGAAGCCTGGGGCCTCGGTGAAGGTTTCCTGCAAGACTTCTGGATACACTTTCAGAACCCATGTTATGAATTGGGTGCGACAGGCCCCTGGACAAGGGCTTGAGTGGATGGGATGGATCGATACCAACACTGGGAACCCAACGTATGCCCAGGGCTTCACAGGACGGTTTGTCTTCTCCTTGGACACTTCTGTCAGCACGGCATACCTGCAGATCAACAGCCTAGAGGCTGATGACACTGCCGTGTATTACTGTGCGAGACCCATGCCTACTACGGAGAATGCTTTCGATTTCTGGGGCCAAGGGACCACGGTCACCGTCTCCTCA;CAGGTGCAGCTGGTGCAATCTGGGTCTGAGTTGAAGAAGCCTGGGGCCTCAGTGAAGGTTTCCTGCAAGGCTTCTGGATACACCTTCACTAGCTATGCTATGAATTGGGTGCGACAGGCCCCTGGACAAGGGCTTGAGTGGATGGGATGGATCAACACCAACACTGGGAACCCAACGTATGCCCAGGGCTTCACAGGACGGTTTGTCTTCTCCTTGGACACCTCTGTCAGCACGGCATATCTGCAGATCAGCAGCCTAAAGGCTGAGGACACTGCCGTGTATTACTGTGCGAGA-------CTACTAC-----------------TCTGGGGCCAAGGGACCACGGTCACCGTCTCCTCA;21T;;;;;;;;;;
18;Productive;7.738e-05;;IGHV1-46;IGHJ4;ARDEGSTSCFY;GCGAGAGATGAGGGTAGTACTAGTTGCTTCTAC;IGHD2-2;15;3;0.051;18;7.570659488559892e-05;29;;1;1;1;;CAGGTGCAGCTGGTGCAGTCTGGGGCTGAGGTGAAGAAGCCTGGGGCCTCAGTGAACATTTCCTGCAAGGCATCTGGAAACACCTTCACCAGCTACTATATTCACTGGGTGCGACAGGCCCCTGGACAAGGGCTTGAGTGGATGGGAATGACCCACCCTAGTGGTGGTACCCCAACGTACGCACAGAGCTTCCAGGGCAGAGTCACCATGACCAGGGACACGTCCACGAGCACAGTCTACATGGAGCTGAGCAGCCTGACATCTGAGGACACGGCCGTGTATTATTGTGCGAGAGATGAGGGTAGTACTAGTTGCTTCTACTGGGGCCACGGAACCCTGGTCACCGTCTCCTCA;CAGGTGCAGCTGGTGCAGTCTGGGGCTGAGGTGAAGAAGCCTGGGGCCTCAGTGAAGGTTTCCTGCAAGGCATCTGGATACACCTTCACCAGCTACTATATGCACTGGGTGCGACAGGCCCCTGGACAAGGGCTTGAGTGGATGGGAATAATCAACCCTAGTGGTGGTAGCACAAGCTACGCACAGAAGTTCCAGGGCAGAGTCACCATGACCAGGGACACGTCCACGAGCACAGTCTACATGGAGCTGAGCAGCCTGAGATCTGAGGACACGGCCGTGTATTACTGTGCGAGAGA-----GTAGTAC---------CTACTGGGGCCAAGGAACCCTGGTCACCGTCTCCTCA;3T;;;;;;;;;;
1;Productive;5.588e-05;;IGHV7-4-1;IGHJ6;ARPVPTMENAFDF;GCGAGACCCGTGCCTACTATGGAGAATGCTTTCGATTTC;IGHD3-10;12;1;0.051;13;5.4676985195154776e-05;30;;2;1;2;;CAGGTGCAGCTGGTGCAATCTGGGTCTGAGTTGAAGAAGCCTGGGGCCTCGGTGAAGGTTTCCTGCAAGACTTCTGGATACACTTTCAGAACCCATGTTATGAATTGGGTGCGACAGGCCCCTGGACAAGGGCTTGAGTGGATGGGATGGATCGATACCAACACTGGGAACCCAACGTATGCCCAGGGCTTCACAGGACGGTTTGTCTTCTCCTTGGACACTTCTGTCAGCACGGCATACCTGCAGATCAACAGCCTAGAGGCTGATGACACTGCCGTGTATTACTGTGCGAGACCCGTGCCTACTATGGAGAATGCTTTCGATTTCTGGGGCCAAGGGACCACGGTCACCGTCTCCTC;CAGGTGCAGCTGGTGCAATCTGGGTCTGAGTTGAAGAAGCCTGGGGCCTCAGTGAAGGTTTCCTGCAAGGCTTCTGGATACACCTTCACTAGCTATGCTATGAATTGGGTGCGACAGGCCCCTGGACAAGGGCTTGAGTGGATGGGATGGATCAACACCAACACTGGGAACCCAACGTATGCCCAGGGCTTCACAGGACGGTTTGTCTTCTCCTTGGACACCTCTGTCAGCACGGCATATCTGCAGATCAGCAGCCTAAAGGCTGAGGACACTGCCGTGTATTACTGTGCGAGA--------TACTATGG---------------TCTGGGGCCAAGGGACCACGGTCACCGTCTCCTC;21T;;;;;;;;;;
19;Productive;5.159e-05;;IGHV7-4-1;IGHJ6;ARPVPTTAWTSG;GCGAGACCCGTGCCTACTACGGCATGGACGTCTGGG;;5;7;0.051;12;5.047106325706595e-05;31;;2;;2;;CAGGTGCAGCTGGTGCAATCTGGGTCTGAGTTGAAGAAGCCTGGGGCCTCGGTGAAGGTTTCCTGCAAGACTTCTGGATACACTTTCAGAACCCATGTTATGAATTGGGTGCGACAGGCCCCTGGACAAGGGCTTGAGTGGATGGGATGGATCGATACCAACACTGGGAACCCAACGTATGCCCAGGGCTTCACAGGACGGTTTGTCTTCTCCTTGGACACTTCTGTCAGCACGGCATACCTGCAGATCAACAGCCTAGAGGCTGATGACACTGCCGTGTATTACTGTGCGAGACCCGTGCCTACTACGGCATGGACGTCTGGGGCCAAGGGACCACGGTCACCGTCTCCTC;CAGGTGCAGCTGGTGCAATCTGGGTCTGAGTTGAAGAAGCCTGGGGCCTCAGTGAAGGTTTCCTGCAAGGCTTCTGGATACACCTTCACTAGCTATGCTATGAATTGGGTGCGACAGGCCCCTGGACAAGGGCTTGAGTGGATGGGATGGATCAACACCAACACTGGGAACCCAACGTATGCCCAGGGCTTCACAGGACGGTTTGTCTTCTCCTTGGACACCTCTGTCAGCACGGCATATCTGCAGATCAGCAGCCTAAAGGCTGAGGACACTGCCGTGTATTACTGTGCGAGA-------CTACTACGGTATGGACGTCTGGGGCCAAGGGACCACGGTCACCGTCTCCTC;21T;;;;;;;;;;
1;Productive;4.729e-05;;IGHV7-4-1;IGHJ6;ARPVPTTENAFDF;GCGAGACCCGTGCCTACTACAGAGAATGCTTTCGATTTC;IGHD1-26;9;2;0.051;11;4.626514131897712e-05;32;;2;1;2;;CAGGTGCAGCTGGTGCAATCTGGGTCTGAGTTGAAGAAGCCTGGGGCCTCGGTGAAGGTTTCCTGCAAGACTTCTGGATACACTTTCAGAACCCATGTTATGAATTGGGTGCGACAGGCCCCTGGACAAGGGCTTGAGTGGATGGGATGGATCGATACCAACACTGGGAACCCAACGTATGCCCAGGGCTTCACAGGACGGTTTGTCTTCTCCTTGGACACTTCTGTCAGCACGGCATACCTGCAGATCAACAGCCTAGAGGCTGATGACACTGCCGTGTATTACTGTGCGAGACCCGTGCCTACTACAGAGAATGCTTTCGATTTCTGGGGCCAAGGGACCACGGTCACCGTCTCCTCA;CAGGTGCAGCTGGTGCAATCTGGGTCTGAGTTGAAGAAGCCTGGGGCCTCAGTGAAGGTTTCCTGCAAGGCTTCTGGATACACCTTCACTAGCTATGCTATGAATTGGGTGCGACAGGCCCCTGGACAAGGGCTTGAGTGGATGGGATGGATCAACACCAACACTGGGAACCCAACGTATGCCCAGGGCTTCACAGGACGGTTTGTCTTCTCCTTGGACACCTCTGTCAGCACGGCATATCTGCAGATCAGCAGCCTAAAGGCTGAGGACACTGCCGTGTATTACTGTGCGAGA-------CTACTAC-----------------TCTGGGGCCAAGGGACCACGGTCACCGTCTCCTCA;21T;;;;;;;;;;
1;Productive;4.299e-05;;IGHV7-4-1;IGHJ6;ARPVPTTENTFDF;GCGAGACCCGTGCCTACTACGGAGAATACTTTCGATTTC;IGHD1-26;8;2;0.051;10;4.205921938088829e-05;33;;2;1;2;;CAGGTGCAGCTGGTGCAATCTGGGTCTGAGTTGAAGAAGCCTGGGGCCTCGGTGAAGGTTTCCTGCAAGACTTCTGGATACACTTTCAGAACCCATGTTATGAATTGGGTGCGACAGGCCCCTGGACAAGGGCTTGAGTGGATGGGATGGATCGATACCAACACTGGGAACCCAACGTATGCCCAGGGCTTCACAGGACGGTTTGTCTTCTCCTTGGACACTTCTGTCAGCACGGCATACCTGCAGATCAACAGCCTAGAGGCTGATGACACTGCCGTGTATTACTGTGCGAGACCCGTGCCTACTACGGAGAATACTTTCGATTTCTGGGGCCAAGGGACCACGGTCACCGTCTCCTC;CAGGTGCAGCTGGTGCAATCTGGGTCTGAGTTGAAGAAGCCTGGGGCCTCAGTGAAGGTTTCCTGCAAGGCTTCTGGATACACCTTCACTAGCTATGCTATGAATTGGGTGCGACAGGCCCCTGGACAAGGGCTTGAGTGGATGGGATGGATCAACACCAACACTGGGAACCCAACGTATGCCCAGGGCTTCACAGGACGGTTTGTCTTCTCCTTGGACACCTCTGTCAGCACGGCATATCTGCAGATCAGCAGCCTAAAGGCTGAGGACACTGCCGTGTATTACTGTGCGAGA-------CTACTAC-----------------TCTGGGGCCAAGGGACCACGGTCACCGTCTCCTC;21T;;;;;;;;;;
1;Productive;3.869e-05;;IGHV7-4-1;IGHJ6;ARPVPTTENAFDF;GCGAGACCCGTGCCTACCACGGAGAATGCTTTCGATTTC;IGHD3-16;8;1;0.051;9;3.785329744279946e-05;34;;2;1;2;;CAGGTGCAGCTGGTGCAATCTGGGTCTGAGTTGAAGAAGCCTGGGGCCTCGGTGAAGGTTTCCTGCAAGACTTCTGGATACACTTTCAGAACCCATGTTATGAATTGGGTGCGACAGGCCCCTGGACAAGGGCTTGAGTGGATGGGATGGATCGATACCAACACTGGGAACCCAACGTATGCCCAGGGCTTCACAGGACGGTTTGTCTTCTCCTTGGACACTTCTGTCAGCACGGCATACCTGCAGATCAACAGCCTAGAGGCTGATGACACTGCCGTGTATTACTGTGCGAGACCCGTGCCTACCACGGAGAATGCTTTCGATTTCTGGGGCCAAGGGACCACGGTCACCGTCTCCTC;CAGGTGCAGCTGGTGCAATCTGGGTCTGAGTTGAAGAAGCCTGGGGCCTCAGTGAAGGTTTCCTGCAAGGCTTCTGGATACACCTTCACTAGCTATGCTATGAATTGGGTGCGACAGGCCCCTGGACAAGGGCTTGAGTGGATGGGATGGATCAACACCAACACTGGGAACCCAACGTATGCCCAGGGCTTCACAGGACGGTTTGTCTTCTCCTTGGACACCTCTGTCAGCACGGCATATCTGCAGATCAGCAGCCTAAAGGCTGAGGACACTGCCGTGTATTACTGTGCGAGA-------------------ATGCTT------TCTGGGGCCAAGGGACCACGGTCACCGTCTCCTC;21T;;;;;;;;;;
1;Productive;3.869e-05;;IGHV7-4-1;IGHJ6;ARPVPTTENAFNF;GCGAGACCCGTGCCTACTACGGAGAATGCTTTCAATTTC;IGHD1-26;5;4;0.051;9;3.785329744279946e-05;34;;2;1;2;;CAGGTGCAGCTGGTGCAATCTGGGTCTGAGTTGAAGAAGCCTGGGGCCTCGGTGAAGGTTTCCTGCAAGACTTCTGGATACACTTTCAGAACCCATGTTATGAATTGGGTGCGACAGGCCCCTGGACAAGGGCTTGAGTGGATGGGATGGATCGATACCAACACTGGGAACCCAACGTATGCCCAGGGCTTCACAGGACGGTTTGTCTTCTCCTTGGACACTTCTGTCAGCACGGCATACCTGCAGATCAACAGCCTAGAGGCTGATGACACTGCCGTGTATTACTGTGCGAGACCCGTGCCTACTACGGAGAATGCTTTCAATTTCTGGGGCCAAGGGACCACGGTCACCGTCTCCTCA;CAGGTGCAGCTGGTGCAATCTGGGTCTGAGTTGAAGAAGCCTGGGGCCTCAGTGAAGGTTTCCTGCAAGGCTTCTGGATACACCTTCACTAGCTATGCTATGAATTGGGTGCGACAGGCCCCTGGACAAGGGCTTGAGTGGATGGGATGGATCAACACCAACACTGGGAACCCAACGTATGCCCAGGGCTTCACAGGACGGTTTGTCTTCTCCTTGGACACCTCTGTCAGCACGGCATATCTGCAGATCAGCAGCCTAAAGGCTGAGGACACTGCCGTGTATTACTGTGCGAGA-------CTACTAC-----------------TCTGGGGCCAAGGGACCACGGTCACCGTCTCCTCA;21T;;;;;;;;;;
1;Productive;3.439e-05;;IGHV7-4-1;IGHJ6;ARPVPTTENAFDF;GCGAGACCCGTGCCTACTACGGAGAACGCTTTCGATTTC;IGHD1-26;6;2;0.051;8;3.364737550471063e-05;35;;2;1;2;;CAGGTGCAGCTGGTGCAATCTGGGTCTGAGTTGAAGAAGCCTGGGGCCTCGGTGAAGGTTTCCTGCAAGACTTCTGGATACACTTTCAGAACCCATGTTATGAATTGGGTGCGACAGGCCCCTGGACAAGGGCTTGAGTGGATGGGATGGATCGATACCAACACTGGGAACCCAACGTATGCCCAGGGCTTCACAGGACGGTTTGTCTTCTCCTTGGACACTTCTGTCAGCACGGCATACCTGCAGATCAACAGCCTAGAGGCTGATGACACTGCCGTGTATTACTGTGCGAGACCCGTGCCTACTACGGAGAACGCTTTCGATTTCTGGGGCCAAGGGACCACGGTCACCGTCTCCTC;CAGGTGCAGCTGGTGCAATCTGGGTCTGAGTTGAAGAAGCCTGGGGCCTCAGTGAAGGTTTCCTGCAAGGCTTCTGGATACACCTTCACTAGCTATGCTATGAATTGGGTGCGACAGGCCCCTGGACAAGGGCTTGAGTGGATGGGATGGATCAACACCAACACTGGGAACCCAACGTATGCCCAGGGCTTCACAGGACGGTTTGTCTTCTCCTTGGACACCTCTGTCAGCACGGCATATCTGCAGATCAGCAGCCTAAAGGCTGAGGACACTGCCGTGTATTACTGTGCGAGA-------CTACTAC-----------------TCTGGGGCCAAGGGACCACGGTCACCGTCTCCTC;21T;;;;;;;;;;
20;Productive;2.579e-05;;IGHV7-4-1;IGHJ3;ARPVPTTENAFDF;GCGAGACCCGTGCCTACTACGGAGAATGCTTTTGATTTC;IGHD1-26;5;1;0.051;6;2.5235531628532976e-05;36;;2;1;1;;CAGGTGCAGCTGGTGCAATCTGGGTCTGAGTTGAAGAAGCCTGGGGCCTCGGTGAAGGTTTCCTGCAAGACTTCTGGATACACTTTCAGAACCCATGTTATGAATTGGGTGCGACAGGCCCCTGGACAAGGGCTTGAGTGGATGGGATGGATCGATACCAACACTGGGAACCCAACGTATGCCCAGGGCTTCACAGGACGGTTTGTCTTCTCCTTGGACACTTCTGTCAGCACGGCATACCTGCAGATCAACAGCCTAGAGGCTGATGACACTGCCGTGTATTACTGTGCGAGACCCGTGCCTACTACGGAGAATGCTTTTGATTTCTGGGGCCAAGGGACAATGGTCACCGTCTCTTCAG;CAGGTGCAGCTGGTGCAATCTGGGTCTGAGTTGAAGAAGCCTGGGGCCTCAGTGAAGGTTTCCTGCAAGGCTTCTGGATACACCTTCACTAGCTATGCTATGAATTGGGTGCGACAGGCCCCTGGACAAGGGCTTGAGTGGATGGGATGGATCAACACCAACACTGGGAACCCAACGTATGCCCAGGGCTTCACAGGACGGTTTGTCTTCTCCTTGGACACCTCTGTCAGCACGGCATATCTGCAGATCAGCAGCCTAAAGGCTGAGGACACTGCCGTGTATTACTGTGCGAGA-------CTACTAC-----ATGCTTTTGATGTCTGGGGCCAAGGGACAATGGTCACCGTCTCTTCAG;21T;;;;;;;;;;
1;Productive;2.149e-05;;IGHV7-4-1;IGHJ6;ARPVPTTENAFGF;GCGAGACCCGTGCCTACTACGGAGAATGCTTTCGGTTTC;IGHD1-26;1;4;0.051;5;2.1029609690444146e-05;37;;2;1;2;;CAGGTGCAGCTGGTGCAATCTGGGTCTGAGTTGAAGAAGCCTGGGGCCTCGGTGAAGGTTTCCTGCAAGACTTCTGGATACACTTTCAGAACCCATGTTATGAATTGGGTGCGACAGGCCCCTGGACAAGGGCTTGAGTGGATGGGATGGATCGATACCAACACTGGGAACCCAACGTATGCCCAGGGCTTCACAGGACGGTTTGTCTTCTCCTTGGACACTTCTGTCAGCACGGCATACCTGCAGATCAACAGCCTAGAGGCTGATGACACTGCCGTGTATTACTGTGCGAGACCCGTGCCTACTACGGAGAATGCTTTCGGTTTCTGGGGCCAAGGGACCACGGTCACCGTCTCCTC;CAGGTGCAGCTGGTGCAATCTGGGTCTGAGTTGAAGAAGCCTGGGGCCTCAGTGAAGGTTTCCTGCAAGGCTTCTGGATACACCTTCACTAGCTATGCTATGAATTGGGTGCGACAGGCCCCTGGACAAGGGCTTGAGTGGATGGGATGGATCAACACCAACACTGGGAACCCAACGTATGCCCAGGGCTTCACAGGACGGTTTGTCTTCTCCTTGGACACCTCTGTCAGCACGGCATATCTGCAGATCAGCAGCCTAAAGGCTGAGGACACTGCCGTGTATTACTGTGCGAGA-------CTACTAC-----------------TCTGGGGCCAAGGGACCACGGTCACCGTCTCCTC;21T;;;;;;;;;;
1;Productive;1.72e-05;;IGHV7-4-1;IGHJ6;AKPVPTTENAFDF;GCGAAACCCGTGCCTACTACGGAGAATGCTTTCGATTTC;IGHD1-26;2;2;0.051;4;1.6823687752355315e-05;38;;2;1;2;;CAGGTGCAGCTGGTGCAATCTGGGTCTGAGTTGAAGAAGCCTGGGGCCTCGGTGAAGGTTTCCTGCAAGACTTCTGGATACACTTTCAGAACCCATGTTATGAATTGGGTGCGACAGGCCCCTGGACAAGGGCTTGAGTGGATGGGATGGATCGATACCAACACTGGGAACCCAACGTATGCCCAGGGCTTCACAGGACGGTTTGTCTTCTCCTTGGACACTTCTGTCAGCACGGCATACCTGCAGATCAACAGCCTAGAGGCTGATGACACTGCCGTGTATTACTGTGCGAAACCCGTGCCTACTACGGAGAATGCTTTCGATTTCTGGGGCCAAGGGACCACGGTCACCGTCTCCTCA;CAGGTGCAGCTGGTGCAATCTGGGTCTGAGTTGAAGAAGCCTGGGGCCTCAGTGAAGGTTTCCTGCAAGGCTTCTGGATACACCTTCACTAGCTATGCTATGAATTGGGTGCGACAGGCCCCTGGACAAGGGCTTGAGTGGATGGGATGGATCAACACCAACACTGGGAACCCAACGTATGCCCAGGGCTTCACAGGACGGTTTGTCTTCTCCTTGGACACCTCTGTCAGCACGGCATATCTGCAGATCAGCAGCCTAAAGGCTGAGGACACTGCCGTGTATTACTGTGCGA---------CTACTAC-----------------TCTGGGGCCAAGGGACCACGGTCACCGTCTCCTCA;21T;;;;;;;;;;
1;Productive;1.72e-05;;IGHV7-4-1;IGHJ6;ARPVPTTESAFDF;GCGAGACCCGTGCCTACTACGGAGAGTGCTTTCGATTTC;IGHD1-26;2;2;0.051;4;1.6823687752355315e-05;38;;2;1;2;;CAGGTGCAGCTGGTGCAATCTGGGTCTGAGTTGAAGAAGCCTGGGGCCTCGGTGAAGGTTTCCTGCAAGACTTCTGGATACACTTTCAGAACCCATGTTATGAATTGGGTGCGACAGGCCCCTGGACAAGGGCTTGAGTGGATGGGATGGATCGATACCAACACTGGGAACCCAACGTATGCCCAGGGCTTCACAGGACGGTTTGTCTTCTCCTTGGACACTTCTGTCAGCACGGCATACCTGCAGATCAACAGCCTAGAGGCTGATGACACTGCCGTGTATTACTGTGCGAGACCCGTGCCTACTACGGAGAGTGCTTTCGATTTCTGGGGCCAAGGGACCACGGTCACCGTCTCCTCA;CAGGTGCAGCTGGTGCAATCTGGGTCTGAGTTGAAGAAGCCTGGGGCCTCAGTGAAGGTTTCCTGCAAGGCTTCTGGATACACCTTCACTAGCTATGCTATGAATTGGGTGCGACAGGCCCCTGGACAAGGGCTTGAGTGGATGGGATGGATCAACACCAACACTGGGAACCCAACGTATGCCCAGGGCTTCACAGGACGGTTTGTCTTCTCCTTGGACACCTCTGTCAGCACGGCATATCTGCAGATCAGCAGCCTAAAGGCTGAGGACACTGCCGTGTATTACTGTGCGAGA-------CTACTAC-----------------TCTGGGGCCAAGGGACCACGGTCACCGTCTCCTCA;21T;;;;;;;;;;
21;Productive;1.72e-05;;IGHV4-30-2;IGHJ6;AREGSHYCSSINCHGPGDYYYYMDV;GCGCGAGAGGGGAGCCACTATTGTAGTAGTATCAACTGCCATGGTCCGGGTGACTACTACTACTACATGGACGTC;IGHD2-2;3;1;0.02;4;1.6823687752355315e-05;38;;4;1;3;;GCTGAGCTCTGTGACCGCCGCAGACACGGCCGTGTATTACTGTGCGCGAGAGGGGAGCCACTATTGTAGTAGTATCAACTGCCATGGTCCGGGTGACTACTACTACTACATGGACGTCTGGGGCAAAGGGACCACGGTCACCGTCTCCTCAG;GCTGAGCTCTGTGACCGCCGCAGACACGGCCGTGTATTACTGTGCGAGAGA----------TATTGTAGTAGTA---------------------ACTACTACTACTACATGGACGTCTGGGGCAAAGGGACCACGGTCACCGTCTCCTCAG;;;;;;GCTGAGCTCTGTGACCGCCGCAGACACGGCCGTGTATTACTGT;;;;;LSSVTAADTAVYYC
22;Unproductive;;0.00058388;IGHV2-5;IGHJ4;ALQGDILTGSLPSLT;GCACTCCAGGGCGATATTTTGACTGGTTCTCTTCCTTCTTTGACTA;IGHD3-9;2;1;0.031;3;1.2617765814266488e-05;39;;2;1;2;;CAGATCACCTTGAAGGAGTCTGGTCCTACGCTGGTGAAACCCACACAGACCCTCACGCTGACCTGCACCTTTTCTGGGTGCTCACTCAGTACTAGTGGAGTGGGTGTGGGCTGGATCCGTCAGCCCCCAGGAAAGGCCCTGGAGTGGCTTGCACTCATTTATTGGGATGTTGATCAGCGCTACAGCCCATCTTTGAAGAGCAGGCTCACCATCACCAAGGACACCTCCAAAAACCAGGTGGTCCTGACAATGACCAACATGGACCCTGTGGACACAGGCACGTATTACTGTGCACTCCAGGGCGATATTTTGACTGGTTCTCTTCCTTCTTTGACTACTGGGGCCAGGGAACCCTGGTCACCGTCTCCTCA;CAGATCACCTTGAAGGAGTCTGGTCCTACGCTGGTGAAACCCACACAGACCCTCACGCTGACCTGCACCTTCTCTGGGTTCTCACTCAGCACTAGTGGAGTGGGTGTGGGCTGGATCCGTCAGCCCCCAGGAAAGGCCCTGGAGTGGCTTGCACTCATTTATTGGGATGATGATAAGCGCTACAGCCCATCTCTGAAGAGCAGGCTCACCATCACCAAGGACACCTCCAAAAACCAGGTGGTCCTTACAATGACCAACATGGACCCTGTGGACACAGCCACATATTACTGTGCAC-------CGATATTTTGACTGGTT---------CTTTGACTACTGGGGCCAGGGAACCCTGGTCACCGTCTCCTCA;9G;;;;;;;;;;
